"Genotype","Year","Experiment","Dpi","Phenotype"
455096,2015,1,4,2.571428571
455097,2015,1,4,3.25
455098,2015,1,4,1
455099,2015,1,4,2.333333333
455100,2015,1,4,3.5
455102,2015,1,4,2.25
455103,2015,1,4,NA
455104,2015,1,4,1
455105,2015,1,4,1
455106,2015,1,4,1
455107,2015,1,4,3.125
455108,2015,1,4,1
455109,2015,1,4,1.571428571
455110,2015,1,4,2.125
456001,2015,1,4,1
456002,2015,1,4,2
456003,2015,1,4,1.142857143
456004,2015,1,4,1.428571429
456005,2015,1,4,2.285714286
456007,2015,1,4,1
456008,2015,1,4,1
456009,2015,1,4,1.625
456010,2015,1,4,1.5
456011,2015,1,4,1
456012,2015,1,4,1
456013,2015,1,4,1
456014,2015,1,4,2.375
456015,2015,1,4,3.333333333
456016,2015,1,4,1.875
456017,2015,1,4,1.428571429
456018,2015,1,4,2.25
456019,2015,1,4,2.875
456020,2015,1,4,1.142857143
456022,2015,1,4,1.375
456023,2015,1,4,1.5
456024,2015,1,4,1
456025,2015,1,4,1
456026,2015,1,4,1.25
456027,2015,1,4,1.428571429
456028,2015,1,4,1.875
456029,2015,1,4,1.125
456030,2015,1,4,3
456031,2015,1,4,1.142857143
456032,2015,1,4,2
456033,2015,1,4,1
456034,2015,1,4,1.5
456035,2015,1,4,1
456037,2015,1,4,2.285714286
456038,2015,1,4,1
456039,2015,1,4,1.75
456040,2015,1,4,1.333333333
456041,2015,1,4,1.625
456042,2015,1,4,1.75
456044,2015,1,4,1.285714286
456045,2015,1,4,1
456046,2015,1,4,2.285714286
456047,2015,1,4,1
456048,2015,1,4,2.625
456049,2015,1,4,1
456050,2015,1,4,2.125
456052,2015,1,4,1.75
456053,2015,1,4,1
456054,2015,1,4,1.142857143
456056,2015,1,4,1.375
456057,2015,1,4,2.5
456058,2015,1,4,1
456059,2015,1,4,2.714285714
456060,2015,1,4,1.5
456062,2015,1,4,1
456063,2015,1,4,3
456064,2015,1,4,1.75
456065,2015,1,4,NA
456067,2015,1,4,1.833333333
456068,2015,1,4,2.625
456069,2015,1,4,1
456070,2015,1,4,1
456071,2015,1,4,2.714285714
456072,2015,1,4,1.666666667
456073,2015,1,4,1
456074,2015,1,4,1
456075,2015,1,4,2.5
456076,2015,1,4,1
456077,2015,1,4,1
456078,2015,1,4,3
456079,2015,1,4,2.8
456080,2015,1,4,1.142857143
456082,2015,1,4,2.375
456084,2015,1,4,1.5
456085,2015,1,4,1.428571429
456087,2015,1,4,1
456088,2015,1,4,1.142857143
456089,2015,1,4,3.285714286
456090,2015,1,4,1.333333333
456091,2015,1,4,1.142857143
456092,2015,1,4,NA
456093,2015,1,4,2
456094,2015,1,4,3
456095,2015,1,4,2.75
456101,2015,1,4,1.428571429
456102,2015,1,4,2.875
456103,2015,1,4,1.125
456105,2015,1,4,1
456106,2015,1,4,1
456107,2015,1,4,1.25
456109,2015,1,4,1
456110,2015,1,4,1.571428571
457002,2015,1,4,2
457003,2015,1,4,2.428571429
457004,2015,1,4,1.25
457005,2015,1,4,3
457006,2015,1,4,3.25
457007,2015,1,4,NA
457008,2015,1,4,1.25
457009,2015,1,4,1.75
457010,2015,1,4,2
457011,2015,1,4,1
457012,2015,1,4,2.5
457013,2015,1,4,2.625
457014,2015,1,4,2.142857143
457015,2015,1,4,1.25
457017,2015,1,4,1.375
457018,2015,1,4,1.125
457019,2015,1,4,1.625
457020,2015,1,4,2.571428571
457021,2015,1,4,1.142857143
457022,2015,1,4,1.375
457023,2015,1,4,2.375
457024,2015,1,4,1
457025,2015,1,4,2
457026,2015,1,4,1
457027,2015,1,4,2.125
457028,2015,1,4,1.5
457029,2015,1,4,2.333333333
457030,2015,1,4,1
457032,2015,1,4,1
457033,2015,1,4,1
457034,2015,1,4,2
457035,2015,1,4,1
457036,2015,1,4,3.5
457037,2015,1,4,1
457038,2015,1,4,2.25
457039,2015,1,4,1.25
457040,2015,1,4,1.5
457041,2015,1,4,1.25
457042,2015,1,4,1
457043,2015,1,4,2.5
457044,2015,1,4,1.714285714
457045,2015,1,4,1.875
457051,2015,1,4,1.25
457052,2015,1,4,1.5
457053,2015,1,4,1.5
457055,2015,1,4,1.25
457056,2015,1,4,1
457057,2015,1,4,1.125
457058,2015,1,4,1
457059,2015,1,4,1
455096,2015,1,5,3.333333333
455097,2015,1,5,3.875
455098,2015,1,5,1.125
455099,2015,1,5,4.5
455100,2015,1,5,4.75
455102,2015,1,5,3.125
455103,2015,1,5,NA
455104,2015,1,5,1
455105,2015,1,5,1
455106,2015,1,5,1
455107,2015,1,5,4.25
455108,2015,1,5,1.142857143
455109,2015,1,5,2.428571429
455110,2015,1,5,2.875
456001,2015,1,5,1.428571429
456002,2015,1,5,2
456003,2015,1,5,1.428571429
456004,2015,1,5,1.714285714
456005,2015,1,5,2.571428571
456007,2015,1,5,1.142857143
456008,2015,1,5,1.375
456009,2015,1,5,1.75
456010,2015,1,5,1.5
456011,2015,1,5,1
456012,2015,1,5,1.428571429
456013,2015,1,5,1.375
456014,2015,1,5,2
456015,2015,1,5,4.833333333
456016,2015,1,5,3.142857143
456017,2015,1,5,2.285714286
456018,2015,1,5,3
456019,2015,1,5,4
456020,2015,1,5,1.285714286
456022,2015,1,5,1.625
456023,2015,1,5,3
456024,2015,1,5,1
456025,2015,1,5,1.375
456026,2015,1,5,1.75
456027,2015,1,5,1.428571429
456028,2015,1,5,2.625
456029,2015,1,5,1.625
456030,2015,1,5,4.142857143
456031,2015,1,5,1.428571429
456032,2015,1,5,3.125
456033,2015,1,5,1.25
456034,2015,1,5,2.5
456035,2015,1,5,1.25
456037,2015,1,5,3.571428571
456038,2015,1,5,1
456039,2015,1,5,2.625
456040,2015,1,5,1.666666667
456041,2015,1,5,1.75
456042,2015,1,5,3.875
456044,2015,1,5,2.142857143
456045,2015,1,5,1.875
456046,2015,1,5,2.857142857
456047,2015,1,5,1
456048,2015,1,5,3.875
456049,2015,1,5,1
456050,2015,1,5,3.75
456052,2015,1,5,2.25
456053,2015,1,5,1.25
456054,2015,1,5,1.285714286
456056,2015,1,5,3.125
456057,2015,1,5,3.166666667
456058,2015,1,5,1.375
456059,2015,1,5,3.285714286
456060,2015,1,5,2
456062,2015,1,5,1.25
456063,2015,1,5,3.75
456064,2015,1,5,3.125
456065,2015,1,5,NA
456067,2015,1,5,3.5
456068,2015,1,5,3.625
456069,2015,1,5,1.5
456070,2015,1,5,1.25
456071,2015,1,5,3.571428571
456072,2015,1,5,2
456073,2015,1,5,1
456074,2015,1,5,2.285714286
456075,2015,1,5,2.875
456076,2015,1,5,2.125
456077,2015,1,5,1.5
456078,2015,1,5,3.857142857
456079,2015,1,5,3.6
456080,2015,1,5,1.714285714
456082,2015,1,5,3.375
456084,2015,1,5,2.333333333
456085,2015,1,5,2.428571429
456087,2015,1,5,2
456088,2015,1,5,3.428571429
456089,2015,1,5,4.285714286
456090,2015,1,5,2.333333333
456091,2015,1,5,1.714285714
456092,2015,1,5,NA
456093,2015,1,5,4
456094,2015,1,5,4.285714286
456095,2015,1,5,3.625
456101,2015,1,5,2
456102,2015,1,5,3.875
456103,2015,1,5,1
456105,2015,1,5,2.375
456106,2015,1,5,1.857142857
456107,2015,1,5,2.875
456109,2015,1,5,1.166666667
456110,2015,1,5,2.428571429
457002,2015,1,5,2.5
457003,2015,1,5,3.142857143
457004,2015,1,5,3.125
457005,2015,1,5,3.25
457006,2015,1,5,4.625
457007,2015,1,5,NA
457008,2015,1,5,2.375
457009,2015,1,5,2.375
457010,2015,1,5,3.833333333
457011,2015,1,5,2.857142857
457012,2015,1,5,4.25
457013,2015,1,5,3.875
457014,2015,1,5,3.285714286
457015,2015,1,5,2.25
457017,2015,1,5,2.625
457018,2015,1,5,1.75
457019,2015,1,5,2.5
457020,2015,1,5,4
457021,2015,1,5,1.714285714
457022,2015,1,5,2.25
457023,2015,1,5,3.625
457024,2015,1,5,1.75
457025,2015,1,5,2.857142857
457026,2015,1,5,1.375
457027,2015,1,5,3.625
457028,2015,1,5,2.5
457029,2015,1,5,3.833333333
457030,2015,1,5,1
457032,2015,1,5,2.125
457033,2015,1,5,1
457034,2015,1,5,3.5
457035,2015,1,5,1.25
457036,2015,1,5,4.166666667
457037,2015,1,5,1.625
457038,2015,1,5,4.25
457039,2015,1,5,2.875
457040,2015,1,5,4
457041,2015,1,5,2.5
457042,2015,1,5,1.428571429
457043,2015,1,5,3.875
457044,2015,1,5,3.857142857
457045,2015,1,5,3.375
457051,2015,1,5,2.625
457052,2015,1,5,2.166666667
457053,2015,1,5,1.75
457055,2015,1,5,1.75
457056,2015,1,5,1
457057,2015,1,5,1.875
457058,2015,1,5,2
457059,2015,1,5,1.125
455096,2015,1,6,4
455097,2015,1,6,4.125
455098,2015,1,6,1.625
455099,2015,1,6,5
455100,2015,1,6,5
455102,2015,1,6,3.75
455103,2015,1,6,NA
455104,2015,1,6,1.428571429
455105,2015,1,6,1.125
455106,2015,1,6,1.285714286
455107,2015,1,6,4.75
455108,2015,1,6,1.142857143
455109,2015,1,6,3.142857143
455110,2015,1,6,3.5
456001,2015,1,6,1.571428571
456002,2015,1,6,2
456003,2015,1,6,2
456004,2015,1,6,2.571428571
456005,2015,1,6,2.857142857
456007,2015,1,6,1
456008,2015,1,6,1.875
456009,2015,1,6,2.25
456010,2015,1,6,2.125
456011,2015,1,6,1.125
456012,2015,1,6,1.571428571
456013,2015,1,6,1.625
456014,2015,1,6,2.5
456015,2015,1,6,5
456016,2015,1,6,3.571428571
456017,2015,1,6,3.142857143
456018,2015,1,6,3.5
456019,2015,1,6,4.75
456020,2015,1,6,1.285714286
456022,2015,1,6,2.125
456023,2015,1,6,3.375
456024,2015,1,6,1
456025,2015,1,6,1.75
456026,2015,1,6,2
456027,2015,1,6,1.857142857
456028,2015,1,6,3
456029,2015,1,6,1.75
456030,2015,1,6,5
456031,2015,1,6,1.714285714
456032,2015,1,6,4.25
456033,2015,1,6,1.625
456034,2015,1,6,2.75
456035,2015,1,6,1.5
456037,2015,1,6,4.285714286
456038,2015,1,6,1
456039,2015,1,6,3.375
456040,2015,1,6,3
456041,2015,1,6,2.375
456042,2015,1,6,4.25
456044,2015,1,6,2.714285714
456045,2015,1,6,2.75
456046,2015,1,6,3.285714286
456047,2015,1,6,1
456048,2015,1,6,4.375
456049,2015,1,6,1.142857143
456050,2015,1,6,4.625
456052,2015,1,6,3
456053,2015,1,6,1.5
456054,2015,1,6,1.285714286
456056,2015,1,6,3.375
456057,2015,1,6,3.5
456058,2015,1,6,1.375
456059,2015,1,6,4.285714286
456060,2015,1,6,2.375
456062,2015,1,6,1
456063,2015,1,6,4.625
456064,2015,1,6,3.875
456065,2015,1,6,NA
456067,2015,1,6,4.166666667
456068,2015,1,6,4.25
456069,2015,1,6,2
456070,2015,1,6,1.5
456071,2015,1,6,4.428571429
456072,2015,1,6,2.166666667
456073,2015,1,6,1.125
456074,2015,1,6,3.142857143
456075,2015,1,6,3.625
456076,2015,1,6,2.75
456077,2015,1,6,1.875
456078,2015,1,6,4.428571429
456079,2015,1,6,4
456080,2015,1,6,2.285714286
456082,2015,1,6,3.5
456084,2015,1,6,2.333333333
456085,2015,1,6,2.857142857
456087,2015,1,6,2.5
456088,2015,1,6,4.285714286
456089,2015,1,6,4.857142857
456090,2015,1,6,3.166666667
456091,2015,1,6,1.857142857
456092,2015,1,6,NA
456093,2015,1,6,4.75
456094,2015,1,6,4.714285714
456095,2015,1,6,3.625
456101,2015,1,6,2.428571429
456102,2015,1,6,4.625
456103,2015,1,6,1.25
456105,2015,1,6,2.875
456106,2015,1,6,2.428571429
456107,2015,1,6,3.875
456109,2015,1,6,1.333333333
456110,2015,1,6,2.857142857
457002,2015,1,6,2.75
457003,2015,1,6,3.285714286
457004,2015,1,6,4.375
457005,2015,1,6,3.875
457006,2015,1,6,5
457007,2015,1,6,NA
457008,2015,1,6,3.25
457009,2015,1,6,2.875
457010,2015,1,6,4.5
457011,2015,1,6,3.571428571
457012,2015,1,6,4.5
457013,2015,1,6,3.875
457014,2015,1,6,3.857142857
457015,2015,1,6,2.875
457017,2015,1,6,3.25
457018,2015,1,6,2.25
457019,2015,1,6,2.75
457020,2015,1,6,4.428571429
457021,2015,1,6,2
457022,2015,1,6,2.875
457023,2015,1,6,4.375
457024,2015,1,6,2.125
457025,2015,1,6,3.857142857
457026,2015,1,6,2
457027,2015,1,6,4
457028,2015,1,6,3.125
457029,2015,1,6,4.5
457030,2015,1,6,1.125
457032,2015,1,6,3.5
457033,2015,1,6,1
457034,2015,1,6,4
457035,2015,1,6,1.375
457036,2015,1,6,4.833333333
457037,2015,1,6,2.625
457038,2015,1,6,4.75
457039,2015,1,6,3.375
457040,2015,1,6,4.875
457041,2015,1,6,3.625
457042,2015,1,6,2.142857143
457043,2015,1,6,4.625
457044,2015,1,6,4.571428571
457045,2015,1,6,4.5
457051,2015,1,6,3.25
457052,2015,1,6,3.333333333
457053,2015,1,6,2
457055,2015,1,6,2.5
457056,2015,1,6,1
457057,2015,1,6,2.5
457058,2015,1,6,3.285714286
457059,2015,1,6,1.125
455096,2015,1,7,3.833333333
455097,2015,1,7,4.125
455098,2015,1,7,1.5
455099,2015,1,7,5
455100,2015,1,7,5
455102,2015,1,7,4
455103,2015,1,7,NA
455104,2015,1,7,1.857142857
455105,2015,1,7,1.25
455106,2015,1,7,1.571428571
455107,2015,1,7,4.875
455108,2015,1,7,1.142857143
455109,2015,1,7,3.428571429
455110,2015,1,7,3.5
456001,2015,1,7,1.714285714
456002,2015,1,7,2
456003,2015,1,7,2.428571429
456004,2015,1,7,2.428571429
456005,2015,1,7,2.857142857
456007,2015,1,7,1.142857143
456008,2015,1,7,1.625
456009,2015,1,7,2.375
456010,2015,1,7,2.25
456011,2015,1,7,1.625
456012,2015,1,7,2.285714286
456013,2015,1,7,1.875
456014,2015,1,7,2.5
456015,2015,1,7,5
456016,2015,1,7,3.571428571
456017,2015,1,7,3.571428571
456018,2015,1,7,3.5
456019,2015,1,7,4.75
456020,2015,1,7,1.857142857
456022,2015,1,7,2.375
456023,2015,1,7,3.5
456024,2015,1,7,1
456025,2015,1,7,2.125
456026,2015,1,7,2.125
456027,2015,1,7,2.142857143
456028,2015,1,7,3.375
456029,2015,1,7,2
456030,2015,1,7,5
456031,2015,1,7,1.714285714
456032,2015,1,7,4.625
456033,2015,1,7,1.5
456034,2015,1,7,2.75
456035,2015,1,7,1.625
456037,2015,1,7,4.428571429
456038,2015,1,7,1
456039,2015,1,7,3.5
456040,2015,1,7,3.5
456041,2015,1,7,2.25
456042,2015,1,7,4.25
456044,2015,1,7,3.142857143
456045,2015,1,7,3.25
456046,2015,1,7,3.142857143
456047,2015,1,7,1
456048,2015,1,7,4
456049,2015,1,7,1.142857143
456050,2015,1,7,4.75
456052,2015,1,7,3
456053,2015,1,7,2
456054,2015,1,7,1.142857143
456056,2015,1,7,3.625
456057,2015,1,7,3.5
456058,2015,1,7,1.625
456059,2015,1,7,4.428571429
456060,2015,1,7,3
456062,2015,1,7,1
456063,2015,1,7,4.75
456064,2015,1,7,4.375
456065,2015,1,7,NA
456067,2015,1,7,4.666666667
456068,2015,1,7,4.375
456069,2015,1,7,2.5
456070,2015,1,7,1.625
456071,2015,1,7,4.428571429
456072,2015,1,7,3.166666667
456073,2015,1,7,1.25
456074,2015,1,7,3
456075,2015,1,7,4.125
456076,2015,1,7,2.75
456077,2015,1,7,2.25
456078,2015,1,7,4.714285714
456079,2015,1,7,4.6
456080,2015,1,7,2.714285714
456082,2015,1,7,4.125
456084,2015,1,7,3.166666667
456085,2015,1,7,3.571428571
456087,2015,1,7,2.625
456088,2015,1,7,4.285714286
456089,2015,1,7,5
456090,2015,1,7,3.833333333
456091,2015,1,7,1.857142857
456092,2015,1,7,NA
456093,2015,1,7,4.75
456094,2015,1,7,4.714285714
456095,2015,1,7,3.5
456101,2015,1,7,2.714285714
456102,2015,1,7,4.75
456103,2015,1,7,1.25
456105,2015,1,7,3.5
456106,2015,1,7,2.571428571
456107,2015,1,7,4
456109,2015,1,7,1.5
456110,2015,1,7,2.857142857
457002,2015,1,7,2.75
457003,2015,1,7,3.285714286
457004,2015,1,7,4.5
457005,2015,1,7,4
457006,2015,1,7,5
457007,2015,1,7,NA
457008,2015,1,7,3.625
457009,2015,1,7,2.875
457010,2015,1,7,4.666666667
457011,2015,1,7,3.714285714
457012,2015,1,7,4.5
457013,2015,1,7,3.75
457014,2015,1,7,3.857142857
457015,2015,1,7,3.25
457017,2015,1,7,3.5
457018,2015,1,7,2.625
457019,2015,1,7,3
457020,2015,1,7,4.714285714
457021,2015,1,7,2.285714286
457022,2015,1,7,2.875
457023,2015,1,7,4.375
457024,2015,1,7,2.875
457025,2015,1,7,3.857142857
457026,2015,1,7,2.5
457027,2015,1,7,4
457028,2015,1,7,3.125
457029,2015,1,7,4.5
457030,2015,1,7,1.125
457032,2015,1,7,4.25
457033,2015,1,7,1.285714286
457034,2015,1,7,4
457035,2015,1,7,1.75
457036,2015,1,7,5
457037,2015,1,7,2.625
457038,2015,1,7,4.375
457039,2015,1,7,3.625
457040,2015,1,7,5
457041,2015,1,7,4.125
457042,2015,1,7,2.428571429
457043,2015,1,7,4.75
457044,2015,1,7,4.714285714
457045,2015,1,7,4.75
457051,2015,1,7,3.125
457052,2015,1,7,3.5
457053,2015,1,7,2.25
457055,2015,1,7,2.75
457056,2015,1,7,1
457057,2015,1,7,3.25
457058,2015,1,7,3.714285714
457059,2015,1,7,1.125
455096,2015,2,4,1.333333333
455097,2015,2,4,1.428571429
455098,2015,2,4,1
455099,2015,2,4,1
455100,2015,2,4,1.833333333
455102,2015,2,4,1
455103,2015,2,4,NA
455104,2015,2,4,1
455105,2015,2,4,1.142857143
455106,2015,2,4,1.142857143
455107,2015,2,4,1.5
455108,2015,2,4,1
455109,2015,2,4,1.428571429
455110,2015,2,4,1
456001,2015,2,4,2.285714286
456002,2015,2,4,1
456003,2015,2,4,1.125
456004,2015,2,4,1.142857143
456005,2015,2,4,2.125
456007,2015,2,4,1.125
456008,2015,2,4,1.5
456009,2015,2,4,1
456010,2015,2,4,1
456011,2015,2,4,1
456012,2015,2,4,1
456013,2015,2,4,1
456014,2015,2,4,1
456015,2015,2,4,2.25
456016,2015,2,4,1.285714286
456017,2015,2,4,1.25
456018,2015,2,4,1
456019,2015,2,4,1.714285714
456020,2015,2,4,1
456022,2015,2,4,1
456023,2015,2,4,1.2
456024,2015,2,4,1
456025,2015,2,4,1
456026,2015,2,4,1
456027,2015,2,4,1.5
456028,2015,2,4,1
456029,2015,2,4,1
456030,2015,2,4,1.142857143
456031,2015,2,4,1
456032,2015,2,4,1.75
456033,2015,2,4,1
456034,2015,2,4,3
456035,2015,2,4,1
456037,2015,2,4,1
456038,2015,2,4,1
456039,2015,2,4,1
456040,2015,2,4,1.333333333
456041,2015,2,4,1
456042,2015,2,4,1
456044,2015,2,4,1
456045,2015,2,4,1
456046,2015,2,4,1
456047,2015,2,4,1.25
456048,2015,2,4,2
456049,2015,2,4,1.6
456050,2015,2,4,1.428571429
456052,2015,2,4,1.285714286
456053,2015,2,4,1
456054,2015,2,4,1
456056,2015,2,4,1
456057,2015,2,4,1
456058,2015,2,4,1
456059,2015,2,4,1
456060,2015,2,4,1.166666667
456062,2015,2,4,1
456063,2015,2,4,1.8
456064,2015,2,4,1.333333333
456065,2015,2,4,NA
456067,2015,2,4,2.2
456068,2015,2,4,1.285714286
456069,2015,2,4,1
456070,2015,2,4,1
456071,2015,2,4,1.571428571
456072,2015,2,4,1
456073,2015,2,4,1.666666667
456074,2015,2,4,1
456075,2015,2,4,3.666666667
456076,2015,2,4,1.75
456077,2015,2,4,1.75
456078,2015,2,4,1
456079,2015,2,4,1
456080,2015,2,4,1
456082,2015,2,4,1.75
456084,2015,2,4,1
456085,2015,2,4,1
456087,2015,2,4,1
456088,2015,2,4,1
456089,2015,2,4,1.166666667
456090,2015,2,4,1
456091,2015,2,4,1
456092,2015,2,4,NA
456093,2015,2,4,1.25
456094,2015,2,4,1.333333333
456095,2015,2,4,1
456101,2015,2,4,1
456102,2015,2,4,1.75
456103,2015,2,4,1.4
456105,2015,2,4,1.428571429
456106,2015,2,4,1.5
456107,2015,2,4,2.428571429
456109,2015,2,4,2.666666667
456110,2015,2,4,2
457002,2015,2,4,2
457003,2015,2,4,1.571428571
457004,2015,2,4,1
457005,2015,2,4,1
457006,2015,2,4,1.285714286
457007,2015,2,4,NA
457008,2015,2,4,1
457009,2015,2,4,2.142857143
457010,2015,2,4,1
457011,2015,2,4,1
457012,2015,2,4,1.571428571
457013,2015,2,4,1.875
457014,2015,2,4,1.428571429
457015,2015,2,4,1
457017,2015,2,4,1
457018,2015,2,4,1
457019,2015,2,4,1.428571429
457020,2015,2,4,1.8
457021,2015,2,4,1.428571429
457022,2015,2,4,1
457023,2015,2,4,1
457024,2015,2,4,1
457025,2015,2,4,1.285714286
457026,2015,2,4,1.2
457027,2015,2,4,1.571428571
457028,2015,2,4,1
457029,2015,2,4,1
457030,2015,2,4,1
457032,2015,2,4,1.333333333
457033,2015,2,4,1
457034,2015,2,4,1.428571429
457035,2015,2,4,1
457036,2015,2,4,1.666666667
457037,2015,2,4,1
457038,2015,2,4,1
457039,2015,2,4,1.285714286
457040,2015,2,4,1.571428571
457041,2015,2,4,1.5
457042,2015,2,4,1
457043,2015,2,4,1
457044,2015,2,4,2.25
457045,2015,2,4,2
457051,2015,2,4,1
457052,2015,2,4,1.125
457053,2015,2,4,1
457055,2015,2,4,1.285714286
457056,2015,2,4,1
457057,2015,2,4,1
457058,2015,2,4,1
457059,2015,2,4,1
455096,2015,2,5,1.333333333
455097,2015,2,5,1.857142857
455098,2015,2,5,1
455099,2015,2,5,1.125
455100,2015,2,5,3
455102,2015,2,5,1
455103,2015,2,5,NA
455104,2015,2,5,1
455105,2015,2,5,1
455106,2015,2,5,1.285714286
455107,2015,2,5,2
455108,2015,2,5,1
455109,2015,2,5,1.428571429
455110,2015,2,5,1
456001,2015,2,5,2.428571429
456002,2015,2,5,1
456003,2015,2,5,1.25
456004,2015,2,5,1.714285714
456005,2015,2,5,2.375
456007,2015,2,5,1
456008,2015,2,5,1.75
456009,2015,2,5,1.142857143
456010,2015,2,5,1.125
456011,2015,2,5,1
456012,2015,2,5,1
456013,2015,2,5,1
456014,2015,2,5,1
456015,2015,2,5,3.25
456016,2015,2,5,1.857142857
456017,2015,2,5,1.25
456018,2015,2,5,1.125
456019,2015,2,5,2.285714286
456020,2015,2,5,1
456022,2015,2,5,1
456023,2015,2,5,3.2
456024,2015,2,5,1
456025,2015,2,5,1
456026,2015,2,5,1
456027,2015,2,5,2.25
456028,2015,2,5,1
456029,2015,2,5,1
456030,2015,2,5,1.571428571
456031,2015,2,5,1
456032,2015,2,5,1.75
456033,2015,2,5,1
456034,2015,2,5,3.5
456035,2015,2,5,1.333333333
456037,2015,2,5,1
456038,2015,2,5,1
456039,2015,2,5,1.5
456040,2015,2,5,1.333333333
456041,2015,2,5,1
456042,2015,2,5,1.571428571
456044,2015,2,5,1
456045,2015,2,5,1
456046,2015,2,5,1
456047,2015,2,5,1.5
456048,2015,2,5,2.714285714
456049,2015,2,5,2.2
456050,2015,2,5,1.714285714
456052,2015,2,5,1.714285714
456053,2015,2,5,1.166666667
456054,2015,2,5,1.571428571
456056,2015,2,5,1
456057,2015,2,5,1
456058,2015,2,5,1.125
456059,2015,2,5,2
456060,2015,2,5,1.5
456062,2015,2,5,1
456063,2015,2,5,1.8
456064,2015,2,5,1.666666667
456065,2015,2,5,NA
456067,2015,2,5,2.4
456068,2015,2,5,1.857142857
456069,2015,2,5,1
456070,2015,2,5,1
456071,2015,2,5,2.142857143
456072,2015,2,5,2.285714286
456073,2015,2,5,1.5
456074,2015,2,5,1
456075,2015,2,5,4.333333333
456076,2015,2,5,2
456077,2015,2,5,2.625
456078,2015,2,5,1.666666667
456079,2015,2,5,1.75
456080,2015,2,5,1.333333333
456082,2015,2,5,2
456084,2015,2,5,1
456085,2015,2,5,1.714285714
456087,2015,2,5,1.5
456088,2015,2,5,1.2
456089,2015,2,5,1
456090,2015,2,5,1
456091,2015,2,5,1
456092,2015,2,5,NA
456093,2015,2,5,1.5
456094,2015,2,5,2.333333333
456095,2015,2,5,1.5
456101,2015,2,5,1.666666667
456102,2015,2,5,2.5
456103,2015,2,5,1.8
456105,2015,2,5,1.857142857
456106,2015,2,5,1.5
456107,2015,2,5,2.571428571
456109,2015,2,5,3
456110,2015,2,5,3.857142857
457002,2015,2,5,2.5
457003,2015,2,5,2.142857143
457004,2015,2,5,2.2
457005,2015,2,5,1
457006,2015,2,5,2.571428571
457007,2015,2,5,NA
457008,2015,2,5,1.142857143
457009,2015,2,5,2.142857143
457010,2015,2,5,1.25
457011,2015,2,5,1.375
457012,2015,2,5,2.571428571
457013,2015,2,5,3.75
457014,2015,2,5,1.857142857
457015,2015,2,5,1.5
457017,2015,2,5,1.166666667
457018,2015,2,5,1
457019,2015,2,5,2.285714286
457020,2015,2,5,3
457021,2015,2,5,3
457022,2015,2,5,1.25
457023,2015,2,5,2
457024,2015,2,5,2
457025,2015,2,5,2.142857143
457026,2015,2,5,2
457027,2015,2,5,2.142857143
457028,2015,2,5,1
457029,2015,2,5,2.25
457030,2015,2,5,1
457032,2015,2,5,1.666666667
457033,2015,2,5,1.833333333
457034,2015,2,5,2.285714286
457035,2015,2,5,1
457036,2015,2,5,3
457037,2015,2,5,2
457038,2015,2,5,2.428571429
457039,2015,2,5,3.285714286
457040,2015,2,5,2.285714286
457041,2015,2,5,2
457042,2015,2,5,2.142857143
457043,2015,2,5,1.125
457044,2015,2,5,2.5
457045,2015,2,5,2.285714286
457051,2015,2,5,1
457052,2015,2,5,1.875
457053,2015,2,5,1
457055,2015,2,5,2.714285714
457056,2015,2,5,1
457057,2015,2,5,1.142857143
457058,2015,2,5,2.571428571
457059,2015,2,5,1.166666667
455096,2015,2,6,1.666666667
455097,2015,2,6,2.142857143
455098,2015,2,6,1
455099,2015,2,6,1.375
455100,2015,2,6,3.166666667
455102,2015,2,6,1.375
455103,2015,2,6,NA
455104,2015,2,6,1
455105,2015,2,6,1
455106,2015,2,6,1.285714286
455107,2015,2,6,2.5
455108,2015,2,6,1
455109,2015,2,6,1.571428571
455110,2015,2,6,1.125
456001,2015,2,6,3.142857143
456002,2015,2,6,1.142857143
456003,2015,2,6,1.5
456004,2015,2,6,2.142857143
456005,2015,2,6,2.75
456007,2015,2,6,1
456008,2015,2,6,1.75
456009,2015,2,6,1.142857143
456010,2015,2,6,1.125
456011,2015,2,6,1
456012,2015,2,6,1
456013,2015,2,6,1.285714286
456014,2015,2,6,1
456015,2015,2,6,4
456016,2015,2,6,1.857142857
456017,2015,2,6,1.5
456018,2015,2,6,1.125
456019,2015,2,6,2.714285714
456020,2015,2,6,1.166666667
456022,2015,2,6,1.166666667
456023,2015,2,6,3.8
456024,2015,2,6,1
456025,2015,2,6,1.285714286
456026,2015,2,6,1
456027,2015,2,6,2.25
456028,2015,2,6,1
456029,2015,2,6,1
456030,2015,2,6,2
456031,2015,2,6,1.142857143
456032,2015,2,6,1.75
456033,2015,2,6,1.166666667
456034,2015,2,6,3.666666667
456035,2015,2,6,1.166666667
456037,2015,2,6,1.25
456038,2015,2,6,1
456039,2015,2,6,1.5
456040,2015,2,6,1.666666667
456041,2015,2,6,1
456042,2015,2,6,2.285714286
456044,2015,2,6,1
456045,2015,2,6,1.25
456046,2015,2,6,1
456047,2015,2,6,1.5
456048,2015,2,6,3.571428571
456049,2015,2,6,2.4
456050,2015,2,6,2.285714286
456052,2015,2,6,1.857142857
456053,2015,2,6,1.333333333
456054,2015,2,6,1.714285714
456056,2015,2,6,1
456057,2015,2,6,1
456058,2015,2,6,1.875
456059,2015,2,6,2.5
456060,2015,2,6,1.666666667
456062,2015,2,6,1
456063,2015,2,6,2.2
456064,2015,2,6,1.833333333
456065,2015,2,6,NA
456067,2015,2,6,3
456068,2015,2,6,2.142857143
456069,2015,2,6,1
456070,2015,2,6,1.125
456071,2015,2,6,3
456072,2015,2,6,2.857142857
456073,2015,2,6,1.5
456074,2015,2,6,1.2
456075,2015,2,6,4.666666667
456076,2015,2,6,2.5
456077,2015,2,6,2.875
456078,2015,2,6,1.666666667
456079,2015,2,6,2.25
456080,2015,2,6,1.333333333
456082,2015,2,6,2.5
456084,2015,2,6,1
456085,2015,2,6,1.714285714
456087,2015,2,6,1.666666667
456088,2015,2,6,1.8
456089,2015,2,6,1.333333333
456090,2015,2,6,1.666666667
456091,2015,2,6,1
456092,2015,2,6,NA
456093,2015,2,6,2
456094,2015,2,6,3
456095,2015,2,6,1.666666667
456101,2015,2,6,2.5
456102,2015,2,6,3.375
456103,2015,2,6,2
456105,2015,2,6,2.142857143
456106,2015,2,6,1.75
456107,2015,2,6,2.571428571
456109,2015,2,6,3
456110,2015,2,6,4.142857143
457002,2015,2,6,2.166666667
457003,2015,2,6,2.142857143
457004,2015,2,6,2.75
457005,2015,2,6,1
457006,2015,2,6,3.428571429
457007,2015,2,6,NA
457008,2015,2,6,1.142857143
457009,2015,2,6,2.5
457010,2015,2,6,2.25
457011,2015,2,6,1.625
457012,2015,2,6,3.142857143
457013,2015,2,6,4.125
457014,2015,2,6,2.142857143
457015,2015,2,6,1.833333333
457017,2015,2,6,1.666666667
457018,2015,2,6,1
457019,2015,2,6,2.714285714
457020,2015,2,6,3.4
457021,2015,2,6,3.428571429
457022,2015,2,6,1.5
457023,2015,2,6,2.8
457024,2015,2,6,2.8
457025,2015,2,6,2.714285714
457026,2015,2,6,2.2
457027,2015,2,6,2.714285714
457028,2015,2,6,1
457029,2015,2,6,2.75
457030,2015,2,6,1.2
457032,2015,2,6,1.666666667
457033,2015,2,6,2.333333333
457034,2015,2,6,2.142857143
457035,2015,2,6,1
457036,2015,2,6,3.333333333
457037,2015,2,6,2.375
457038,2015,2,6,3.142857143
457039,2015,2,6,3.714285714
457040,2015,2,6,3
457041,2015,2,6,2.333333333
457042,2015,2,6,3.142857143
457043,2015,2,6,1.125
457044,2015,2,6,2.75
457045,2015,2,6,2.428571429
457051,2015,2,6,1.142857143
457052,2015,2,6,2.5
457053,2015,2,6,1.142857143
457055,2015,2,6,3.285714286
457056,2015,2,6,1
457057,2015,2,6,1.142857143
457058,2015,2,6,2.714285714
457059,2015,2,6,2
455096,2015,2,7,1.666666667
455097,2015,2,7,2.428571429
455098,2015,2,7,1
455099,2015,2,7,1.5
455100,2015,2,7,3.333333333
455102,2015,2,7,1.25
455103,2015,2,7,NA
455104,2015,2,7,1
455105,2015,2,7,1
455106,2015,2,7,1.428571429
455107,2015,2,7,2.666666667
455108,2015,2,7,1.2
455109,2015,2,7,1.714285714
455110,2015,2,7,1.25
456001,2015,2,7,2.428571429
456002,2015,2,7,1.142857143
456003,2015,2,7,1.5
456004,2015,2,7,2.142857143
456005,2015,2,7,3
456007,2015,2,7,1.25
456008,2015,2,7,2
456009,2015,2,7,1.142857143
456010,2015,2,7,1.125
456011,2015,2,7,1
456012,2015,2,7,1
456013,2015,2,7,1.285714286
456014,2015,2,7,1
456015,2015,2,7,4.25
456016,2015,2,7,2.142857143
456017,2015,2,7,2
456018,2015,2,7,1.125
456019,2015,2,7,2.857142857
456020,2015,2,7,1.166666667
456022,2015,2,7,1
456023,2015,2,7,4
456024,2015,2,7,1
456025,2015,2,7,1.285714286
456026,2015,2,7,1
456027,2015,2,7,2.25
456028,2015,2,7,1
456029,2015,2,7,1
456030,2015,2,7,2.571428571
456031,2015,2,7,1.285714286
456032,2015,2,7,2.25
456033,2015,2,7,1.333333333
456034,2015,2,7,3.666666667
456035,2015,2,7,1.166666667
456037,2015,2,7,1.5
456038,2015,2,7,1.4
456039,2015,2,7,1.75
456040,2015,2,7,2
456041,2015,2,7,1.5
456042,2015,2,7,2.142857143
456044,2015,2,7,1.142857143
456045,2015,2,7,1.375
456046,2015,2,7,1
456047,2015,2,7,1.5
456048,2015,2,7,3.714285714
456049,2015,2,7,2.4
456050,2015,2,7,2.571428571
456052,2015,2,7,2
456053,2015,2,7,1.333333333
456054,2015,2,7,2
456056,2015,2,7,1
456057,2015,2,7,1
456058,2015,2,7,1.875
456059,2015,2,7,3
456060,2015,2,7,2
456062,2015,2,7,1
456063,2015,2,7,2.2
456064,2015,2,7,1.833333333
456065,2015,2,7,NA
456067,2015,2,7,3.4
456068,2015,2,7,2.142857143
456069,2015,2,7,1
456070,2015,2,7,1
456071,2015,2,7,3
456072,2015,2,7,2.714285714
456073,2015,2,7,2.166666667
456074,2015,2,7,1.4
456075,2015,2,7,4
456076,2015,2,7,2.75
456077,2015,2,7,2.875
456078,2015,2,7,1.666666667
456079,2015,2,7,2.5
456080,2015,2,7,1.333333333
456082,2015,2,7,2.625
456084,2015,2,7,1
456085,2015,2,7,2.142857143
456087,2015,2,7,1.833333333
456088,2015,2,7,2
456089,2015,2,7,1.5
456090,2015,2,7,1.5
456091,2015,2,7,1
456092,2015,2,7,NA
456093,2015,2,7,1.875
456094,2015,2,7,3.5
456095,2015,2,7,1.666666667
456101,2015,2,7,2.833333333
456102,2015,2,7,3.75
456103,2015,2,7,2
456105,2015,2,7,2.428571429
456106,2015,2,7,1.5
456107,2015,2,7,2.571428571
456109,2015,2,7,3.166666667
456110,2015,2,7,4
457002,2015,2,7,2.5
457003,2015,2,7,2.142857143
457004,2015,2,7,3.2
457005,2015,2,7,1
457006,2015,2,7,3.428571429
457007,2015,2,7,NA
457008,2015,2,7,1.142857143
457009,2015,2,7,2.142857143
457010,2015,2,7,2.25
457011,2015,2,7,1.625
457012,2015,2,7,3.285714286
457013,2015,2,7,4
457014,2015,2,7,2.142857143
457015,2015,2,7,1.833333333
457017,2015,2,7,1.833333333
457018,2015,2,7,1.142857143
457019,2015,2,7,3
457020,2015,2,7,3.8
457021,2015,2,7,3.428571429
457022,2015,2,7,1.75
457023,2015,2,7,3
457024,2015,2,7,2.8
457025,2015,2,7,2.714285714
457026,2015,2,7,2
457027,2015,2,7,3
457028,2015,2,7,1
457029,2015,2,7,3
457030,2015,2,7,1
457032,2015,2,7,2.666666667
457033,2015,2,7,2.166666667
457034,2015,2,7,2.428571429
457035,2015,2,7,1.142857143
457036,2015,2,7,2.833333333
457037,2015,2,7,2.25
457038,2015,2,7,3.571428571
457039,2015,2,7,3.714285714
457040,2015,2,7,2.857142857
457041,2015,2,7,2.5
457042,2015,2,7,3.142857143
457043,2015,2,7,1.125
457044,2015,2,7,2.75
457045,2015,2,7,2.571428571
457051,2015,2,7,1.571428571
457052,2015,2,7,2.625
457053,2015,2,7,1.428571429
457055,2015,2,7,3.285714286
457056,2015,2,7,1
457057,2015,2,7,1.428571429
457058,2015,2,7,2.714285714
457059,2015,2,7,2.5
455096,2016,2,4,1
455097,2016,2,4,1
455098,2016,2,4,1
455099,2016,2,4,1.875
455100,2016,2,4,3.75
455102,2016,2,4,1.5
455103,2016,2,4,NA
455104,2016,2,4,1.142857143
455105,2016,2,4,1
455106,2016,2,4,1.125
455107,2016,2,4,1.125
455108,2016,2,4,1
455109,2016,2,4,1
455110,2016,2,4,1
456001,2016,2,4,1.375
456002,2016,2,4,1
456003,2016,2,4,1.125
456004,2016,2,4,1.75
456005,2016,2,4,3.666666667
456007,2016,2,4,1.142857143
456008,2016,2,4,1.5
456009,2016,2,4,1
456010,2016,2,4,1
456011,2016,2,4,1
456012,2016,2,4,1.125
456013,2016,2,4,1
456014,2016,2,4,1.5
456015,2016,2,4,4.75
456016,2016,2,4,1
456017,2016,2,4,2
456018,2016,2,4,1.125
456019,2016,2,4,1.125
456020,2016,2,4,1
456022,2016,2,4,1.125
456023,2016,2,4,2
456024,2016,2,4,1
456025,2016,2,4,1
456026,2016,2,4,1
456027,2016,2,4,1
456028,2016,2,4,NA
456029,2016,2,4,1
456030,2016,2,4,1.125
456031,2016,2,4,NA
456032,2016,2,4,1
456033,2016,2,4,1
456034,2016,2,4,1
456035,2016,2,4,1
456037,2016,2,4,1.571428571
456038,2016,2,4,1
456039,2016,2,4,3
456040,2016,2,4,1
456041,2016,2,4,1
456042,2016,2,4,1.833333333
456044,2016,2,4,1
456045,2016,2,4,1
456046,2016,2,4,NA
456047,2016,2,4,1
456048,2016,2,4,1.5
456049,2016,2,4,1
456050,2016,2,4,1.875
456052,2016,2,4,1.875
456053,2016,2,4,1
456054,2016,2,4,1
456056,2016,2,4,1
456057,2016,2,4,2.5
456058,2016,2,4,1
456059,2016,2,4,1.75
456060,2016,2,4,1.375
456062,2016,2,4,1
456063,2016,2,4,2.375
456064,2016,2,4,1.25
456065,2016,2,4,NA
456067,2016,2,4,1.625
456068,2016,2,4,1.25
456069,2016,2,4,NA
456070,2016,2,4,1
456071,2016,2,4,2
456072,2016,2,4,1.142857143
456073,2016,2,4,1
456074,2016,2,4,1
456075,2016,2,4,1.25
456076,2016,2,4,1
456077,2016,2,4,1
456078,2016,2,4,1.25
456079,2016,2,4,NA
456080,2016,2,4,1
456082,2016,2,4,2
456084,2016,2,4,1.5
456085,2016,2,4,1
456087,2016,2,4,NA
456088,2016,2,4,1.571428571
456089,2016,2,4,2.125
456090,2016,2,4,1
456091,2016,2,4,1
456092,2016,2,4,NA
456093,2016,2,4,1.428571429
456094,2016,2,4,2.125
456095,2016,2,4,1
456101,2016,2,4,1
456102,2016,2,4,1.875
456103,2016,2,4,1
456105,2016,2,4,1
456106,2016,2,4,1
456107,2016,2,4,1
456109,2016,2,4,1
456110,2016,2,4,1
457002,2016,2,4,1.375
457003,2016,2,4,1.857142857
457004,2016,2,4,1.714285714
457005,2016,2,4,1.125
457006,2016,2,4,3.5
457007,2016,2,4,NA
457008,2016,2,4,1.25
457009,2016,2,4,2.125
457010,2016,2,4,2.125
457011,2016,2,4,1.125
457012,2016,2,4,1.625
457013,2016,2,4,2.428571429
457014,2016,2,4,1
457015,2016,2,4,1.375
457017,2016,2,4,1.571428571
457018,2016,2,4,1.166666667
457019,2016,2,4,1.125
457020,2016,2,4,1.125
457021,2016,2,4,1.375
457022,2016,2,4,1.714285714
457023,2016,2,4,2.285714286
457024,2016,2,4,2
457025,2016,2,4,1
457026,2016,2,4,1.125
457027,2016,2,4,2.375
457028,2016,2,4,1
457029,2016,2,4,3
457030,2016,2,4,1
457032,2016,2,4,1.5
457033,2016,2,4,1
457034,2016,2,4,2.285714286
457035,2016,2,4,1.25
457036,2016,2,4,1.125
457037,2016,2,4,1.25
457038,2016,2,4,1.875
457039,2016,2,4,1.285714286
457040,2016,2,4,1
457041,2016,2,4,1
457042,2016,2,4,NA
457043,2016,2,4,1
457044,2016,2,4,1
457045,2016,2,4,1
457051,2016,2,4,1
457052,2016,2,4,1.25
457053,2016,2,4,1.142857143
457055,2016,2,4,1.857142857
457056,2016,2,4,1
457057,2016,2,4,1.571428571
457058,2016,2,4,1
457059,2016,2,4,1
455096,2016,2,5,1
455097,2016,2,5,1.125
455098,2016,2,5,1
455099,2016,2,5,2.125
455100,2016,2,5,3.875
455102,2016,2,5,1.5
455103,2016,2,5,NA
455104,2016,2,5,1.571428571
455105,2016,2,5,1
455106,2016,2,5,1.125
455107,2016,2,5,1.125
455108,2016,2,5,1
455109,2016,2,5,1
455110,2016,2,5,1
456001,2016,2,5,1.625
456002,2016,2,5,1
456003,2016,2,5,1.25
456004,2016,2,5,1.75
456005,2016,2,5,4
456007,2016,2,5,1.285714286
456008,2016,2,5,2
456009,2016,2,5,1
456010,2016,2,5,1
456011,2016,2,5,1
456012,2016,2,5,1.5
456013,2016,2,5,1
456014,2016,2,5,1.625
456015,2016,2,5,5
456016,2016,2,5,1
456017,2016,2,5,2.25
456018,2016,2,5,1.75
456019,2016,2,5,1.25
456020,2016,2,5,1
456022,2016,2,5,1.375
456023,2016,2,5,2.625
456024,2016,2,5,1.125
456025,2016,2,5,1
456026,2016,2,5,1
456027,2016,2,5,1
456028,2016,2,5,NA
456029,2016,2,5,1
456030,2016,2,5,1.375
456031,2016,2,5,NA
456032,2016,2,5,1
456033,2016,2,5,1
456034,2016,2,5,1.625
456035,2016,2,5,1
456037,2016,2,5,2
456038,2016,2,5,1
456039,2016,2,5,3.285714286
456040,2016,2,5,1
456041,2016,2,5,1
456042,2016,2,5,1.833333333
456044,2016,2,5,1
456045,2016,2,5,1
456046,2016,2,5,NA
456047,2016,2,5,1
456048,2016,2,5,2.5
456049,2016,2,5,1.285714286
456050,2016,2,5,2.5
456052,2016,2,5,2.75
456053,2016,2,5,1.142857143
456054,2016,2,5,1
456056,2016,2,5,1.25
456057,2016,2,5,3.375
456058,2016,2,5,1.25
456059,2016,2,5,1.75
456060,2016,2,5,1.75
456062,2016,2,5,1
456063,2016,2,5,2.625
456064,2016,2,5,1.5
456065,2016,2,5,NA
456067,2016,2,5,1.75
456068,2016,2,5,1.375
456069,2016,2,5,NA
456070,2016,2,5,1
456071,2016,2,5,2
456072,2016,2,5,1.142857143
456073,2016,2,5,1
456074,2016,2,5,1
456075,2016,2,5,1.375
456076,2016,2,5,1.5
456077,2016,2,5,1.714285714
456078,2016,2,5,1.875
456079,2016,2,5,NA
456080,2016,2,5,1.125
456082,2016,2,5,2.125
456084,2016,2,5,1.75
456085,2016,2,5,1
456087,2016,2,5,NA
456088,2016,2,5,1
456089,2016,2,5,2.625
456090,2016,2,5,1.428571429
456091,2016,2,5,1.142857143
456092,2016,2,5,NA
456093,2016,2,5,1.428571429
456094,2016,2,5,2.25
456095,2016,2,5,1.25
456101,2016,2,5,1
456102,2016,2,5,2.5
456103,2016,2,5,1.142857143
456105,2016,2,5,1.125
456106,2016,2,5,1
456107,2016,2,5,1
456109,2016,2,5,1
456110,2016,2,5,1.375
457002,2016,2,5,1.875
457003,2016,2,5,2
457004,2016,2,5,3.285714286
457005,2016,2,5,2.125
457006,2016,2,5,3.666666667
457007,2016,2,5,NA
457008,2016,2,5,1.25
457009,2016,2,5,3
457010,2016,2,5,3.375
457011,2016,2,5,1.25
457012,2016,2,5,2.125
457013,2016,2,5,3
457014,2016,2,5,1
457015,2016,2,5,1.625
457017,2016,2,5,1.857142857
457018,2016,2,5,1.5
457019,2016,2,5,1.375
457020,2016,2,5,1.25
457021,2016,2,5,1.375
457022,2016,2,5,2.571428571
457023,2016,2,5,2.571428571
457024,2016,2,5,2
457025,2016,2,5,1
457026,2016,2,5,1.125
457027,2016,2,5,2.625
457028,2016,2,5,1.375
457029,2016,2,5,3.333333333
457030,2016,2,5,1
457032,2016,2,5,2.125
457033,2016,2,5,1
457034,2016,2,5,2.857142857
457035,2016,2,5,1.375
457036,2016,2,5,1.75
457037,2016,2,5,2.375
457038,2016,2,5,2.625
457039,2016,2,5,1.714285714
457040,2016,2,5,1.4
457041,2016,2,5,1
457042,2016,2,5,NA
457043,2016,2,5,1
457044,2016,2,5,1.25
457045,2016,2,5,1
457051,2016,2,5,1
457052,2016,2,5,2.625
457053,2016,2,5,1
457055,2016,2,5,2.142857143
457056,2016,2,5,1
457057,2016,2,5,2
457058,2016,2,5,1.142857143
457059,2016,2,5,1.125
455096,2016,2,6,1
455097,2016,2,6,1.375
455098,2016,2,6,1.125
455099,2016,2,6,2.875
455100,2016,2,6,4.625
455102,2016,2,6,1.75
455103,2016,2,6,NA
455104,2016,2,6,1.571428571
455105,2016,2,6,1
455106,2016,2,6,1.125
455107,2016,2,6,1.125
455108,2016,2,6,1
455109,2016,2,6,1
455110,2016,2,6,1.285714286
456001,2016,2,6,1.625
456002,2016,2,6,1
456003,2016,2,6,1.5
456004,2016,2,6,1.875
456005,2016,2,6,4
456007,2016,2,6,1.428571429
456008,2016,2,6,3.666666667
456009,2016,2,6,1
456010,2016,2,6,1.375
456011,2016,2,6,1.125
456012,2016,2,6,1.75
456013,2016,2,6,1
456014,2016,2,6,1.625
456015,2016,2,6,5
456016,2016,2,6,1.25
456017,2016,2,6,2.25
456018,2016,2,6,2
456019,2016,2,6,1.125
456020,2016,2,6,1
456022,2016,2,6,1.625
456023,2016,2,6,3.625
456024,2016,2,6,1.25
456025,2016,2,6,1
456026,2016,2,6,1
456027,2016,2,6,1
456028,2016,2,6,NA
456029,2016,2,6,1
456030,2016,2,6,1.875
456031,2016,2,6,NA
456032,2016,2,6,1.142857143
456033,2016,2,6,1
456034,2016,2,6,1.75
456035,2016,2,6,1.125
456037,2016,2,6,2.428571429
456038,2016,2,6,1.142857143
456039,2016,2,6,3.428571429
456040,2016,2,6,1.25
456041,2016,2,6,1
456042,2016,2,6,2.5
456044,2016,2,6,1.142857143
456045,2016,2,6,1
456046,2016,2,6,NA
456047,2016,2,6,1
456048,2016,2,6,3.333333333
456049,2016,2,6,1.285714286
456050,2016,2,6,2.875
456052,2016,2,6,2.75
456053,2016,2,6,1.428571429
456054,2016,2,6,1
456056,2016,2,6,1.5
456057,2016,2,6,3.75
456058,2016,2,6,1.375
456059,2016,2,6,2.25
456060,2016,2,6,2.125
456062,2016,2,6,1.125
456063,2016,2,6,3.125
456064,2016,2,6,1.625
456065,2016,2,6,NA
456067,2016,2,6,2.5
456068,2016,2,6,1.5
456069,2016,2,6,NA
456070,2016,2,6,1
456071,2016,2,6,2
456072,2016,2,6,1.428571429
456073,2016,2,6,1
456074,2016,2,6,1.285714286
456075,2016,2,6,1.375
456076,2016,2,6,1.5
456077,2016,2,6,1.714285714
456078,2016,2,6,2.375
456079,2016,2,6,NA
456080,2016,2,6,1.5
456082,2016,2,6,2.125
456084,2016,2,6,2.125
456085,2016,2,6,1
456087,2016,2,6,NA
456088,2016,2,6,1
456089,2016,2,6,3
456090,2016,2,6,1.571428571
456091,2016,2,6,1.142857143
456092,2016,2,6,NA
456093,2016,2,6,1.857142857
456094,2016,2,6,2.5
456095,2016,2,6,1.5
456101,2016,2,6,1
456102,2016,2,6,3.25
456103,2016,2,6,1.142857143
456105,2016,2,6,1.875
456106,2016,2,6,1.142857143
456107,2016,2,6,1
456109,2016,2,6,1.125
456110,2016,2,6,1.5
457002,2016,2,6,2
457003,2016,2,6,2
457004,2016,2,6,3.714285714
457005,2016,2,6,2.625
457006,2016,2,6,4
457007,2016,2,6,NA
457008,2016,2,6,1.875
457009,2016,2,6,3.375
457010,2016,2,6,3.375
457011,2016,2,6,1.5
457012,2016,2,6,2
457013,2016,2,6,3.285714286
457014,2016,2,6,1.333333333
457015,2016,2,6,1.625
457017,2016,2,6,2.285714286
457018,2016,2,6,1.5
457019,2016,2,6,1.625
457020,2016,2,6,2
457021,2016,2,6,1.75
457022,2016,2,6,3.285714286
457023,2016,2,6,2.857142857
457024,2016,2,6,2.375
457025,2016,2,6,1
457026,2016,2,6,1.125
457027,2016,2,6,2.875
457028,2016,2,6,2.25
457029,2016,2,6,3.333333333
457030,2016,2,6,1
457032,2016,2,6,2.125
457033,2016,2,6,1.125
457034,2016,2,6,3.428571429
457035,2016,2,6,1.75
457036,2016,2,6,2
457037,2016,2,6,2.5
457038,2016,2,6,3
457039,2016,2,6,2.571428571
457040,2016,2,6,1.4
457041,2016,2,6,1.125
457042,2016,2,6,NA
457043,2016,2,6,1
457044,2016,2,6,1.25
457045,2016,2,6,1.125
457051,2016,2,6,1.142857143
457052,2016,2,6,2.75
457053,2016,2,6,1.142857143
457055,2016,2,6,2.714285714
457056,2016,2,6,1
457057,2016,2,6,2.571428571
457058,2016,2,6,1.714285714
457059,2016,2,6,1.125
455096,2016,2,7,1
455097,2016,2,7,1.25
455098,2016,2,7,1
455099,2016,2,7,2.375
455100,2016,2,7,4.875
455102,2016,2,7,1.875
455103,2016,2,7,NA
455104,2016,2,7,1.571428571
455105,2016,2,7,1
455106,2016,2,7,1.125
455107,2016,2,7,1.25
455108,2016,2,7,1
455109,2016,2,7,1
455110,2016,2,7,1.285714286
456001,2016,2,7,1.375
456002,2016,2,7,1
456003,2016,2,7,2
456004,2016,2,7,1.875
456005,2016,2,7,3.833333333
456007,2016,2,7,1.428571429
456008,2016,2,7,3.666666667
456009,2016,2,7,1.125
456010,2016,2,7,1.375
456011,2016,2,7,1.25
456012,2016,2,7,1.75
456013,2016,2,7,1
456014,2016,2,7,1.625
456015,2016,2,7,5
456016,2016,2,7,1.25
456017,2016,2,7,2.25
456018,2016,2,7,2.125
456019,2016,2,7,1.25
456020,2016,2,7,1.125
456022,2016,2,7,1.75
456023,2016,2,7,3.75
456024,2016,2,7,1
456025,2016,2,7,1
456026,2016,2,7,1
456027,2016,2,7,1
456028,2016,2,7,NA
456029,2016,2,7,1.125
456030,2016,2,7,2
456031,2016,2,7,NA
456032,2016,2,7,1.142857143
456033,2016,2,7,1
456034,2016,2,7,1.875
456035,2016,2,7,1.125
456037,2016,2,7,2.714285714
456038,2016,2,7,1.285714286
456039,2016,2,7,3.571428571
456040,2016,2,7,1.5
456041,2016,2,7,1
456042,2016,2,7,2.333333333
456044,2016,2,7,1.142857143
456045,2016,2,7,1.125
456046,2016,2,7,NA
456047,2016,2,7,1
456048,2016,2,7,3.333333333
456049,2016,2,7,1.285714286
456050,2016,2,7,3
456052,2016,2,7,2.875
456053,2016,2,7,1.285714286
456054,2016,2,7,1.25
456056,2016,2,7,1.375
456057,2016,2,7,3.75
456058,2016,2,7,1.5
456059,2016,2,7,2.25
456060,2016,2,7,2.25
456062,2016,2,7,1.25
456063,2016,2,7,2.875
456064,2016,2,7,1.875
456065,2016,2,7,NA
456067,2016,2,7,2.5
456068,2016,2,7,1.625
456069,2016,2,7,NA
456070,2016,2,7,1
456071,2016,2,7,1.857142857
456072,2016,2,7,1.428571429
456073,2016,2,7,1
456074,2016,2,7,1.142857143
456075,2016,2,7,1.625
456076,2016,2,7,1.5
456077,2016,2,7,1.857142857
456078,2016,2,7,2.5
456079,2016,2,7,NA
456080,2016,2,7,1.625
456082,2016,2,7,2.125
456084,2016,2,7,1.875
456085,2016,2,7,1
456087,2016,2,7,NA
456088,2016,2,7,1
456089,2016,2,7,3.125
456090,2016,2,7,1.714285714
456091,2016,2,7,1.285714286
456092,2016,2,7,NA
456093,2016,2,7,2
456094,2016,2,7,2.625
456095,2016,2,7,1.875
456101,2016,2,7,1.166666667
456102,2016,2,7,3.375
456103,2016,2,7,1.142857143
456105,2016,2,7,1.75
456106,2016,2,7,1.142857143
456107,2016,2,7,1
456109,2016,2,7,1
456110,2016,2,7,1.5
457002,2016,2,7,2.25
457003,2016,2,7,2
457004,2016,2,7,3.857142857
457005,2016,2,7,2.75
457006,2016,2,7,3.833333333
457007,2016,2,7,NA
457008,2016,2,7,1.625
457009,2016,2,7,3.5
457010,2016,2,7,3.375
457011,2016,2,7,1.625
457012,2016,2,7,2.375
457013,2016,2,7,3.428571429
457014,2016,2,7,1.333333333
457015,2016,2,7,1.875
457017,2016,2,7,2.428571429
457018,2016,2,7,1.5
457019,2016,2,7,1.5
457020,2016,2,7,2
457021,2016,2,7,1.875
457022,2016,2,7,3.142857143
457023,2016,2,7,3
457024,2016,2,7,2
457025,2016,2,7,1
457026,2016,2,7,1.375
457027,2016,2,7,2.875
457028,2016,2,7,2.5
457029,2016,2,7,3.666666667
457030,2016,2,7,1
457032,2016,2,7,2.125
457033,2016,2,7,1.125
457034,2016,2,7,3
457035,2016,2,7,1.625
457036,2016,2,7,2
457037,2016,2,7,2.625
457038,2016,2,7,3
457039,2016,2,7,3.142857143
457040,2016,2,7,1.4
457041,2016,2,7,1.125
457042,2016,2,7,NA
457043,2016,2,7,1
457044,2016,2,7,1.375
457045,2016,2,7,1.125
457051,2016,2,7,1.142857143
457052,2016,2,7,2.75
457053,2016,2,7,1.285714286
457055,2016,2,7,2.857142857
457056,2016,2,7,1
457057,2016,2,7,2.571428571
457058,2016,2,7,1.714285714
457059,2016,2,7,1.125
455096,2016,3,4,1
455097,2016,3,4,1.125
455098,2016,3,4,1
455099,2016,3,4,1
455100,2016,3,4,4.125
455102,2016,3,4,1
455103,2016,3,4,NA
455104,2016,3,4,1.125
455105,2016,3,4,1
455106,2016,3,4,1
455107,2016,3,4,1
455108,2016,3,4,1
455109,2016,3,4,1.666666667
455110,2016,3,4,1.125
456001,2016,3,4,1.5
456002,2016,3,4,1
456003,2016,3,4,1
456004,2016,3,4,1
456005,2016,3,4,1.857142857
456007,2016,3,4,1
456008,2016,3,4,1
456009,2016,3,4,1
456010,2016,3,4,1.125
456011,2016,3,4,1
456012,2016,3,4,1
456013,2016,3,4,1
456014,2016,3,4,1.285714286
456015,2016,3,4,2.833333333
456016,2016,3,4,1
456017,2016,3,4,1
456018,2016,3,4,1
456019,2016,3,4,1.125
456020,2016,3,4,1
456022,2016,3,4,1
456023,2016,3,4,2.375
456024,2016,3,4,1
456025,2016,3,4,1
456026,2016,3,4,1.25
456027,2016,3,4,1
456028,2016,3,4,NA
456029,2016,3,4,1
456030,2016,3,4,1.75
456031,2016,3,4,NA
456032,2016,3,4,1
456033,2016,3,4,1
456034,2016,3,4,1.5
456035,2016,3,4,1
456037,2016,3,4,1
456038,2016,3,4,1
456039,2016,3,4,1.25
456040,2016,3,4,1
456041,2016,3,4,1
456042,2016,3,4,1.25
456044,2016,3,4,1.125
456045,2016,3,4,1
456046,2016,3,4,NA
456047,2016,3,4,1
456048,2016,3,4,1.25
456049,2016,3,4,1.125
456050,2016,3,4,1.25
456052,2016,3,4,1.125
456053,2016,3,4,1
456054,2016,3,4,1
456056,2016,3,4,1.125
456057,2016,3,4,1.125
456058,2016,3,4,1
456059,2016,3,4,1.5
456060,2016,3,4,1.125
456062,2016,3,4,1
456063,2016,3,4,2
456064,2016,3,4,1.25
456065,2016,3,4,NA
456067,2016,3,4,1.125
456068,2016,3,4,1.142857143
456069,2016,3,4,NA
456070,2016,3,4,1
456071,2016,3,4,1.25
456072,2016,3,4,1
456073,2016,3,4,1
456074,2016,3,4,1
456075,2016,3,4,1
456076,2016,3,4,1
456077,2016,3,4,1.25
456078,2016,3,4,1.5
456079,2016,3,4,NA
456080,2016,3,4,1.375
456082,2016,3,4,1
456084,2016,3,4,1.285714286
456085,2016,3,4,1
456087,2016,3,4,NA
456088,2016,3,4,1.142857143
456089,2016,3,4,2.166666667
456090,2016,3,4,1.25
456091,2016,3,4,1.375
456092,2016,3,4,NA
456093,2016,3,4,1
456094,2016,3,4,1.571428571
456095,2016,3,4,1
456101,2016,3,4,1
456102,2016,3,4,1.25
456103,2016,3,4,1
456105,2016,3,4,1
456106,2016,3,4,1.25
456107,2016,3,4,1
456109,2016,3,4,1
456110,2016,3,4,1.25
457002,2016,3,4,1
457003,2016,3,4,1.875
457004,2016,3,4,1.75
457005,2016,3,4,1
457006,2016,3,4,2.625
457007,2016,3,4,NA
457008,2016,3,4,1.125
457009,2016,3,4,1.375
457010,2016,3,4,1
457011,2016,3,4,1.125
457012,2016,3,4,1.25
457013,2016,3,4,1.5
457014,2016,3,4,1.125
457015,2016,3,4,1.375
457017,2016,3,4,1.75
457018,2016,3,4,1
457019,2016,3,4,1.375
457020,2016,3,4,1.4
457021,2016,3,4,2.125
457022,2016,3,4,1.5
457023,2016,3,4,1.625
457024,2016,3,4,1.375
457025,2016,3,4,1.125
457026,2016,3,4,1
457027,2016,3,4,2.25
457028,2016,3,4,1.125
457029,2016,3,4,3.857142857
457030,2016,3,4,1.25
457032,2016,3,4,1.25
457033,2016,3,4,1
457034,2016,3,4,1.75
457035,2016,3,4,1
457036,2016,3,4,1.125
457037,2016,3,4,1
457038,2016,3,4,1
457039,2016,3,4,1.125
457040,2016,3,4,1
457041,2016,3,4,1
457042,2016,3,4,NA
457043,2016,3,4,1
457044,2016,3,4,1
457045,2016,3,4,1
457051,2016,3,4,1
457052,2016,3,4,1.75
457053,2016,3,4,1
457055,2016,3,4,2.625
457056,2016,3,4,1
457057,2016,3,4,1.25
457058,2016,3,4,1
457059,2016,3,4,1
455096,2016,3,5,1.125
455097,2016,3,5,1.375
455098,2016,3,5,1
455099,2016,3,5,1
455100,2016,3,5,4.75
455102,2016,3,5,1
455103,2016,3,5,NA
455104,2016,3,5,1
455105,2016,3,5,1
455106,2016,3,5,1.125
455107,2016,3,5,1
455108,2016,3,5,1.285714286
455109,2016,3,5,2
455110,2016,3,5,1.25
456001,2016,3,5,2
456002,2016,3,5,1
456003,2016,3,5,1.142857143
456004,2016,3,5,1.142857143
456005,2016,3,5,1.857142857
456007,2016,3,5,1.25
456008,2016,3,5,1.5
456009,2016,3,5,1
456010,2016,3,5,1.125
456011,2016,3,5,1.142857143
456012,2016,3,5,1
456013,2016,3,5,1
456014,2016,3,5,1.571428571
456015,2016,3,5,4
456016,2016,3,5,1
456017,2016,3,5,1.25
456018,2016,3,5,1.25
456019,2016,3,5,1.625
456020,2016,3,5,1.285714286
456022,2016,3,5,1.25
456023,2016,3,5,3
456024,2016,3,5,1.125
456025,2016,3,5,1
456026,2016,3,5,1.25
456027,2016,3,5,1
456028,2016,3,5,NA
456029,2016,3,5,1
456030,2016,3,5,1.625
456031,2016,3,5,NA
456032,2016,3,5,1.125
456033,2016,3,5,1
456034,2016,3,5,1.625
456035,2016,3,5,1
456037,2016,3,5,1.125
456038,2016,3,5,1
456039,2016,3,5,2
456040,2016,3,5,1.125
456041,2016,3,5,1.375
456042,2016,3,5,1.5
456044,2016,3,5,1.25
456045,2016,3,5,1
456046,2016,3,5,NA
456047,2016,3,5,1
456048,2016,3,5,1.625
456049,2016,3,5,1.25
456050,2016,3,5,1.75
456052,2016,3,5,1.25
456053,2016,3,5,1
456054,2016,3,5,1.25
456056,2016,3,5,1.375
456057,2016,3,5,1.375
456058,2016,3,5,1
456059,2016,3,5,2.375
456060,2016,3,5,1.375
456062,2016,3,5,1
456063,2016,3,5,3
456064,2016,3,5,1.5
456065,2016,3,5,NA
456067,2016,3,5,1.875
456068,2016,3,5,1.571428571
456069,2016,3,5,NA
456070,2016,3,5,1
456071,2016,3,5,1.5
456072,2016,3,5,1
456073,2016,3,5,1
456074,2016,3,5,1
456075,2016,3,5,1.5
456076,2016,3,5,1
456077,2016,3,5,1.5
456078,2016,3,5,2.125
456079,2016,3,5,NA
456080,2016,3,5,2
456082,2016,3,5,1.5
456084,2016,3,5,1.428571429
456085,2016,3,5,1
456087,2016,3,5,NA
456088,2016,3,5,1.285714286
456089,2016,3,5,2.333333333
456090,2016,3,5,1.375
456091,2016,3,5,1.75
456092,2016,3,5,NA
456093,2016,3,5,1.875
456094,2016,3,5,2.285714286
456095,2016,3,5,1.125
456101,2016,3,5,1.125
456102,2016,3,5,1.5
456103,2016,3,5,1.125
456105,2016,3,5,1.125
456106,2016,3,5,1.625
456107,2016,3,5,1.625
456109,2016,3,5,1.125
456110,2016,3,5,1.5
457002,2016,3,5,1.75
457003,2016,3,5,2.625
457004,2016,3,5,3
457005,2016,3,5,1.25
457006,2016,3,5,3.25
457007,2016,3,5,NA
457008,2016,3,5,1.25
457009,2016,3,5,2.125
457010,2016,3,5,1.625
457011,2016,3,5,1.5
457012,2016,3,5,1.875
457013,2016,3,5,3
457014,2016,3,5,1.25
457015,2016,3,5,1.5
457017,2016,3,5,2.125
457018,2016,3,5,1
457019,2016,3,5,1.25
457020,2016,3,5,1.6
457021,2016,3,5,2.5
457022,2016,3,5,1.875
457023,2016,3,5,2.5
457024,2016,3,5,1.875
457025,2016,3,5,1.625
457026,2016,3,5,1.125
457027,2016,3,5,2.5
457028,2016,3,5,1.375
457029,2016,3,5,4.285714286
457030,2016,3,5,1.5
457032,2016,3,5,1.5
457033,2016,3,5,1
457034,2016,3,5,2.125
457035,2016,3,5,1.125
457036,2016,3,5,1.25
457037,2016,3,5,1.125
457038,2016,3,5,1.375
457039,2016,3,5,1.625
457040,2016,3,5,1
457041,2016,3,5,1.25
457042,2016,3,5,NA
457043,2016,3,5,1
457044,2016,3,5,1.375
457045,2016,3,5,1.375
457051,2016,3,5,1.25
457052,2016,3,5,2.625
457053,2016,3,5,1
457055,2016,3,5,3.125
457056,2016,3,5,1
457057,2016,3,5,1.625
457058,2016,3,5,1.375
457059,2016,3,5,1
455096,2016,3,6,1.125
455097,2016,3,6,1.375
455098,2016,3,6,1.125
455099,2016,3,6,1.125
455100,2016,3,6,5
455102,2016,3,6,1.125
455103,2016,3,6,NA
455104,2016,3,6,1
455105,2016,3,6,1
455106,2016,3,6,1
455107,2016,3,6,1
455108,2016,3,6,1.428571429
455109,2016,3,6,1.833333333
455110,2016,3,6,1.375
456001,2016,3,6,2.25
456002,2016,3,6,1.125
456003,2016,3,6,1.285714286
456004,2016,3,6,1.142857143
456005,2016,3,6,2.285714286
456007,2016,3,6,1.375
456008,2016,3,6,1.5
456009,2016,3,6,1.125
456010,2016,3,6,1.25
456011,2016,3,6,1.142857143
456012,2016,3,6,1.125
456013,2016,3,6,1
456014,2016,3,6,2.142857143
456015,2016,3,6,4.666666667
456016,2016,3,6,1
456017,2016,3,6,1.25
456018,2016,3,6,1.375
456019,2016,3,6,1.75
456020,2016,3,6,1.285714286
456022,2016,3,6,1.125
456023,2016,3,6,3.25
456024,2016,3,6,1.125
456025,2016,3,6,1
456026,2016,3,6,1.25
456027,2016,3,6,1.125
456028,2016,3,6,NA
456029,2016,3,6,1
456030,2016,3,6,1.75
456031,2016,3,6,NA
456032,2016,3,6,1.25
456033,2016,3,6,1.125
456034,2016,3,6,2.125
456035,2016,3,6,1
456037,2016,3,6,1.25
456038,2016,3,6,1
456039,2016,3,6,2.625
456040,2016,3,6,1.25
456041,2016,3,6,1.125
456042,2016,3,6,2.125
456044,2016,3,6,1.25
456045,2016,3,6,1
456046,2016,3,6,NA
456047,2016,3,6,1
456048,2016,3,6,1.75
456049,2016,3,6,1.375
456050,2016,3,6,1.375
456052,2016,3,6,1.25
456053,2016,3,6,1
456054,2016,3,6,1.75
456056,2016,3,6,1.25
456057,2016,3,6,1.375
456058,2016,3,6,1
456059,2016,3,6,2.875
456060,2016,3,6,1.625
456062,2016,3,6,1.125
456063,2016,3,6,3.5
456064,2016,3,6,1.75
456065,2016,3,6,NA
456067,2016,3,6,2.25
456068,2016,3,6,1.571428571
456069,2016,3,6,NA
456070,2016,3,6,1
456071,2016,3,6,1.75
456072,2016,3,6,1.125
456073,2016,3,6,1
456074,2016,3,6,1.125
456075,2016,3,6,1.625
456076,2016,3,6,1
456077,2016,3,6,1.75
456078,2016,3,6,2.375
456079,2016,3,6,NA
456080,2016,3,6,2
456082,2016,3,6,1.5
456084,2016,3,6,1.571428571
456085,2016,3,6,1
456087,2016,3,6,NA
456088,2016,3,6,1.571428571
456089,2016,3,6,2.666666667
456090,2016,3,6,1.375
456091,2016,3,6,1.75
456092,2016,3,6,NA
456093,2016,3,6,2.25
456094,2016,3,6,2.714285714
456095,2016,3,6,1.25
456101,2016,3,6,1.25
456102,2016,3,6,2.125
456103,2016,3,6,1.25
456105,2016,3,6,1.125
456106,2016,3,6,1.375
456107,2016,3,6,1.75
456109,2016,3,6,1
456110,2016,3,6,1.5
457002,2016,3,6,2
457003,2016,3,6,3.125
457004,2016,3,6,3.75
457005,2016,3,6,1.5
457006,2016,3,6,4
457007,2016,3,6,NA
457008,2016,3,6,1.25
457009,2016,3,6,2.5
457010,2016,3,6,1.875
457011,2016,3,6,1.25
457012,2016,3,6,2.25
457013,2016,3,6,3.5
457014,2016,3,6,1.375
457015,2016,3,6,2.125
457017,2016,3,6,2.875
457018,2016,3,6,1
457019,2016,3,6,1.5
457020,2016,3,6,2.2
457021,2016,3,6,2.5
457022,2016,3,6,2.375
457023,2016,3,6,2.875
457024,2016,3,6,2.25
457025,2016,3,6,1.75
457026,2016,3,6,1.125
457027,2016,3,6,3
457028,2016,3,6,1.625
457029,2016,3,6,4.428571429
457030,2016,3,6,1.625
457032,2016,3,6,2
457033,2016,3,6,1.125
457034,2016,3,6,2.625
457035,2016,3,6,1.25
457036,2016,3,6,1.5
457037,2016,3,6,1.125
457038,2016,3,6,1.375
457039,2016,3,6,1.875
457040,2016,3,6,1.25
457041,2016,3,6,1.375
457042,2016,3,6,NA
457043,2016,3,6,1
457044,2016,3,6,1.375
457045,2016,3,6,1.5
457051,2016,3,6,1.125
457052,2016,3,6,3.25
457053,2016,3,6,1.25
457055,2016,3,6,3.5
457056,2016,3,6,1
457057,2016,3,6,1.625
457058,2016,3,6,1.375
457059,2016,3,6,1
455096,2016,3,7,1.25
455097,2016,3,7,1.375
455098,2016,3,7,1.25
455099,2016,3,7,1.25
455100,2016,3,7,4.875
455102,2016,3,7,1.375
455103,2016,3,7,NA
455104,2016,3,7,1
455105,2016,3,7,1
455106,2016,3,7,1.125
455107,2016,3,7,1
455108,2016,3,7,1.571428571
455109,2016,3,7,2
455110,2016,3,7,1.5
456001,2016,3,7,2.25
456002,2016,3,7,1.25
456003,2016,3,7,1.571428571
456004,2016,3,7,1.142857143
456005,2016,3,7,2
456007,2016,3,7,1.25
456008,2016,3,7,1.875
456009,2016,3,7,1.125
456010,2016,3,7,1.375
456011,2016,3,7,1.142857143
456012,2016,3,7,1.375
456013,2016,3,7,1.125
456014,2016,3,7,2.142857143
456015,2016,3,7,4.833333333
456016,2016,3,7,1
456017,2016,3,7,1.625
456018,2016,3,7,1.5
456019,2016,3,7,1.875
456020,2016,3,7,1.428571429
456022,2016,3,7,1.125
456023,2016,3,7,3.375
456024,2016,3,7,1.125
456025,2016,3,7,1
456026,2016,3,7,1.25
456027,2016,3,7,1.125
456028,2016,3,7,NA
456029,2016,3,7,1.125
456030,2016,3,7,1.875
456031,2016,3,7,NA
456032,2016,3,7,1.5
456033,2016,3,7,1.125
456034,2016,3,7,2.25
456035,2016,3,7,1.125
456037,2016,3,7,1.375
456038,2016,3,7,1
456039,2016,3,7,2.625
456040,2016,3,7,1.375
456041,2016,3,7,1.25
456042,2016,3,7,2
456044,2016,3,7,1.25
456045,2016,3,7,1
456046,2016,3,7,NA
456047,2016,3,7,1.25
456048,2016,3,7,2.125
456049,2016,3,7,1.375
456050,2016,3,7,1.75
456052,2016,3,7,1.5
456053,2016,3,7,1.142857143
456054,2016,3,7,1.875
456056,2016,3,7,1.5
456057,2016,3,7,1.75
456058,2016,3,7,1
456059,2016,3,7,3
456060,2016,3,7,1.625
456062,2016,3,7,1.125
456063,2016,3,7,3.875
456064,2016,3,7,2.125
456065,2016,3,7,NA
456067,2016,3,7,2.25
456068,2016,3,7,1.714285714
456069,2016,3,7,NA
456070,2016,3,7,1
456071,2016,3,7,2.125
456072,2016,3,7,1.125
456073,2016,3,7,1.125
456074,2016,3,7,1.25
456075,2016,3,7,2.125
456076,2016,3,7,1
456077,2016,3,7,1.875
456078,2016,3,7,2.625
456079,2016,3,7,NA
456080,2016,3,7,2
456082,2016,3,7,1.75
456084,2016,3,7,1.571428571
456085,2016,3,7,1
456087,2016,3,7,NA
456088,2016,3,7,2
456089,2016,3,7,2.833333333
456090,2016,3,7,1.5
456091,2016,3,7,2
456092,2016,3,7,NA
456093,2016,3,7,2.625
456094,2016,3,7,3
456095,2016,3,7,1.375
456101,2016,3,7,1.25
456102,2016,3,7,2.375
456103,2016,3,7,1.375
456105,2016,3,7,1.125
456106,2016,3,7,1.75
456107,2016,3,7,1.875
456109,2016,3,7,1.125
456110,2016,3,7,1.375
457002,2016,3,7,2.125
457003,2016,3,7,3.25
457004,2016,3,7,4.125
457005,2016,3,7,1.75
457006,2016,3,7,4.125
457007,2016,3,7,NA
457008,2016,3,7,1.25
457009,2016,3,7,2.625
457010,2016,3,7,2
457011,2016,3,7,1.5
457012,2016,3,7,2.5
457013,2016,3,7,3.875
457014,2016,3,7,1.25
457015,2016,3,7,2
457017,2016,3,7,2.625
457018,2016,3,7,1
457019,2016,3,7,1.5
457020,2016,3,7,2.4
457021,2016,3,7,2.625
457022,2016,3,7,2.25
457023,2016,3,7,2.875
457024,2016,3,7,2.5
457025,2016,3,7,1.75
457026,2016,3,7,1
457027,2016,3,7,3
457028,2016,3,7,1.875
457029,2016,3,7,4.714285714
457030,2016,3,7,2
457032,2016,3,7,2.25
457033,2016,3,7,1.125
457034,2016,3,7,2.5
457035,2016,3,7,1.25
457036,2016,3,7,1.625
457037,2016,3,7,1.125
457038,2016,3,7,1.5
457039,2016,3,7,2.375
457040,2016,3,7,1.25
457041,2016,3,7,1.375
457042,2016,3,7,NA
457043,2016,3,7,1.125
457044,2016,3,7,1.5
457045,2016,3,7,1.625
457051,2016,3,7,1.25
457052,2016,3,7,3.375
457053,2016,3,7,1.25
457055,2016,3,7,3.625
457056,2016,3,7,1
457057,2016,3,7,1.625
457058,2016,3,7,1.5
457059,2016,3,7,1
