"Genotype","Year","Experiment","Phenotype"
455096,2015,2,1
455097,2015,2,1
455098,2015,2,1.125
455099,2015,2,1
455100,2015,2,1.166666667
455102,2015,2,1.125
455103,2015,2,NA
455104,2015,2,1
455105,2015,2,1
455106,2015,2,1.285714286
455107,2015,2,1.666666667
455108,2015,2,1
455109,2015,2,1.285714286
455110,2015,2,1
456001,2015,2,1.285714286
456002,2015,2,1.142857143
456003,2015,2,1.5
456004,2015,2,1.142857143
456005,2015,2,1.25
456007,2015,2,1.5
456008,2015,2,1.375
456009,2015,2,1.142857143
456010,2015,2,1.25
456011,2015,2,1
456012,2015,2,1.2
456013,2015,2,1.142857143
456014,2015,2,1.166666667
456015,2015,2,2.5
456016,2015,2,1.142857143
456017,2015,2,1
456018,2015,2,1.125
456019,2015,2,1.285714286
456020,2015,2,1
456022,2015,2,1
456023,2015,2,2.4
456024,2015,2,1
456025,2015,2,1.142857143
456026,2015,2,1.166666667
456027,2015,2,1.25
456028,2015,2,1
456029,2015,2,1.142857143
456030,2015,2,2.285714286
456031,2015,2,1.285714286
456032,2015,2,2.5
456033,2015,2,1
456034,2015,2,2
456035,2015,2,1
456037,2015,2,2.5
456038,2015,2,1.6
456039,2015,2,2.5
456040,2015,2,1.666666667
456041,2015,2,1.25
456042,2015,2,1.285714286
456044,2015,2,1.857142857
456045,2015,2,1.125
456046,2015,2,1.125
456047,2015,2,1.25
456048,2015,2,1.571428571
456049,2015,2,1.2
456050,2015,2,1.428571429
456052,2015,2,1
456053,2015,2,1
456054,2015,2,1.571428571
456056,2015,2,1
456057,2015,2,1.375
456058,2015,2,1.25
456059,2015,2,1.833333333
456060,2015,2,1
456062,2015,2,1
456063,2015,2,1.6
456064,2015,2,1
456065,2015,2,NA
456067,2015,2,1.2
456068,2015,2,1
456069,2015,2,1
456070,2015,2,1
456071,2015,2,1
456072,2015,2,1.428571429
456073,2015,2,1.166666667
456074,2015,2,1
456075,2015,2,1
456076,2015,2,1.25
456077,2015,2,1.375
456078,2015,2,1.166666667
456079,2015,2,1.25
456080,2015,2,1.333333333
456082,2015,2,1.375
456084,2015,2,1.333333333
456085,2015,2,1.571428571
456087,2015,2,1.2
456088,2015,2,2
456089,2015,2,1.2
456090,2015,2,1.666666667
456091,2015,2,1.666666667
456092,2015,2,1
456093,2015,2,1.25
456094,2015,2,1.666666667
456095,2015,2,1.666666667
456101,2015,2,1.5
456102,2015,2,2.125
456103,2015,2,1.6
456105,2015,2,1.142857143
456106,2015,2,1.5
456107,2015,2,1.285714286
456109,2015,2,1.5
456110,2015,2,1.857142857
457002,2015,2,1.333333333
457003,2015,2,1.142857143
457004,2015,2,2
457005,2015,2,2.142857143
457006,2015,2,2.571428571
457007,2015,2,NA
457008,2015,2,1.285714286
457009,2015,2,1.142857143
457010,2015,2,2
457011,2015,2,1.5
457012,2015,2,1.571428571
457013,2015,2,1.625
457014,2015,2,1
457015,2015,2,1
457017,2015,2,1.666666667
457018,2015,2,1.142857143
457019,2015,2,1
457020,2015,2,2
457021,2015,2,2.285714286
457022,2015,2,1.25
457023,2015,2,2
457024,2015,2,1.2
457025,2015,2,1.285714286
457026,2015,2,1.2
457027,2015,2,1.714285714
457028,2015,2,1
457029,2015,2,2.5
457030,2015,2,1.2
457032,2015,2,1.666666667
457033,2015,2,1.5
457034,2015,2,1.714285714
457035,2015,2,1.142857143
457036,2015,2,2
457037,2015,2,1.375
457038,2015,2,2.571428571
457039,2015,2,1.714285714
457040,2015,2,2.285714286
457041,2015,2,1.5
457042,2015,2,1.285714286
457043,2015,2,1
457044,2015,2,2.25
457045,2015,2,1.285714286
457051,2015,2,1.428571429
457052,2015,2,1.375
457053,2015,2,1.142857143
457055,2015,2,1.428571429
457056,2015,2,1
457057,2015,2,2.285714286
457058,2015,2,1.571428571
457059,2015,2,1.333333333
455096,2016,2,1
455097,2016,2,1
455098,2016,2,1
455099,2016,2,1
455100,2016,2,2
455102,2016,2,1
455103,2016,2,NA
455104,2016,2,1.142857143
455105,2016,2,1
455106,2016,2,1.125
455107,2016,2,1.5
455108,2016,2,1.25
455109,2016,2,1
455110,2016,2,1.285714286
456001,2016,2,1
456002,2016,2,1
456003,2016,2,1.375
456004,2016,2,1
456005,2016,2,1.333333333
456007,2016,2,1.142857143
456008,2016,2,1.333333333
456009,2016,2,1.25
456010,2016,2,1.625
456011,2016,2,1
456012,2016,2,1.25
456013,2016,2,1
456014,2016,2,1.375
456015,2016,2,1.75
456016,2016,2,1
456017,2016,2,1.125
456018,2016,2,1.625
456019,2016,2,1
456020,2016,2,1
456022,2016,2,1.375
456023,2016,2,2.125
456024,2016,2,1.125
456025,2016,2,1
456026,2016,2,1.125
456027,2016,2,1.125
456028,2016,2,NA
456029,2016,2,1
456030,2016,2,1.375
456031,2016,2,NA
456032,2016,2,1.285714286
456033,2016,2,1
456034,2016,2,1.25
456035,2016,2,1.125
456037,2016,2,2
456038,2016,2,1.285714286
456039,2016,2,1.428571429
456040,2016,2,1
456041,2016,2,1.125
456042,2016,2,1
456044,2016,2,1.428571429
456045,2016,2,1
456046,2016,2,NA
456047,2016,2,1.125
456048,2016,2,1.666666667
456049,2016,2,1
456050,2016,2,1.75
456052,2016,2,1.5
456053,2016,2,1
456054,2016,2,1
456056,2016,2,1.125
456057,2016,2,1.75
456058,2016,2,1.125
456059,2016,2,1.5
456060,2016,2,1.25
456062,2016,2,1.125
456063,2016,2,1.5
456064,2016,2,1.25
456065,2016,2,NA
456067,2016,2,1.375
456068,2016,2,1.25
456069,2016,2,NA
456070,2016,2,1
456071,2016,2,1
456072,2016,2,1.571428571
456073,2016,2,1
456074,2016,2,1.285714286
456075,2016,2,1.125
456076,2016,2,1.125
456077,2016,2,1.142857143
456078,2016,2,1.125
456079,2016,2,NA
456080,2016,2,1.125
456082,2016,2,1.125
456084,2016,2,1.125
456085,2016,2,1.375
456087,2016,2,NA
456088,2016,2,1.142857143
456089,2016,2,1.125
456090,2016,2,1.285714286
456091,2016,2,1
456092,2016,2,NA
456093,2016,2,1.428571429
456094,2016,2,1.25
456095,2016,2,1.625
456101,2016,2,1
456102,2016,2,1.75
456103,2016,2,1
456105,2016,2,1.375
456106,2016,2,1.142857143
456107,2016,2,1.25
456109,2016,2,1
456110,2016,2,1.25
457002,2016,2,1
457003,2016,2,1
457004,2016,2,1.857142857
457005,2016,2,1.625
457006,2016,2,1.5
457007,2016,2,NA
457008,2016,2,1.5
457009,2016,2,1.375
457010,2016,2,1.75
457011,2016,2,1.625
457012,2016,2,1.25
457013,2016,2,1.142857143
457014,2016,2,1
457015,2016,2,1.125
457017,2016,2,1.571428571
457018,2016,2,1
457019,2016,2,1.125
457020,2016,2,1.375
457021,2016,2,1.25
457022,2016,2,1.857142857
457023,2016,2,1.714285714
457024,2016,2,1.375
457025,2016,2,1
457026,2016,2,1
457027,2016,2,1
457028,2016,2,1.75
457029,2016,2,1
457030,2016,2,1
457032,2016,2,1
457033,2016,2,1
457034,2016,2,1.285714286
457035,2016,2,1
457036,2016,2,1.25
457037,2016,2,1.75
457038,2016,2,1.5
457039,2016,2,1.285714286
457040,2016,2,1.4
457041,2016,2,1.375
457042,2016,2,NA
457043,2016,2,1
457044,2016,2,1
457045,2016,2,1
457051,2016,2,1
457052,2016,2,1.25
457053,2016,2,1
457055,2016,2,1.142857143
457056,2016,2,1
457057,2016,2,1.571428571
457058,2016,2,1.428571429
457059,2016,2,1
455096,2016,3,1.125
455097,2016,3,1.125
455098,2016,3,1.125
455099,2016,3,1
455100,2016,3,2.25
455102,2016,3,1
455103,2016,3,NA
455104,2016,3,1
455105,2016,3,1.125
455106,2016,3,1.25
455107,2016,3,1.375
455108,2016,3,1.571428571
455109,2016,3,1.5
455110,2016,3,1.25
456001,2016,3,1.625
456002,2016,3,1.25
456003,2016,3,1.428571429
456004,2016,3,1.714285714
456005,2016,3,1.142857143
456007,2016,3,1.875
456008,2016,3,2.25
456009,2016,3,1.875
456010,2016,3,2
456011,2016,3,1.142857143
456012,2016,3,1.625
456013,2016,3,1.125
456014,2016,3,1.571428571
456015,2016,3,2.166666667
456016,2016,3,1
456017,2016,3,1.5
456018,2016,3,2.125
456019,2016,3,1.5
456020,2016,3,1.857142857
456022,2016,3,1.25
456023,2016,3,2.375
456024,2016,3,1.125
456025,2016,3,1.25
456026,2016,3,1.375
456027,2016,3,1.375
456028,2016,3,NA
456029,2016,3,1.25
456030,2016,3,2.375
456031,2016,3,NA
456032,2016,3,1.75
456033,2016,3,1.5
456034,2016,3,1.875
456035,2016,3,1.375
456037,2016,3,3.625
456038,2016,3,1.625
456039,2016,3,2.875
456040,2016,3,1.375
456041,2016,3,1.375
456042,2016,3,1.625
456044,2016,3,1.875
456045,2016,3,1.25
456046,2016,3,NA
456047,2016,3,1.875
456048,2016,3,2
456049,2016,3,1
456050,2016,3,1.5
456052,2016,3,2.125
456053,2016,3,1.142857143
456054,2016,3,1.5
456056,2016,3,1.25
456057,2016,3,1.75
456058,2016,3,1
456059,2016,3,2.125
456060,2016,3,1.375
456062,2016,3,1.625
456063,2016,3,2.5
456064,2016,3,1.875
456065,2016,3,NA
456067,2016,3,1.625
456068,2016,3,1.142857143
456069,2016,3,NA
456070,2016,3,1.25
456071,2016,3,1.625
456072,2016,3,1.5
456073,2016,3,1.125
456074,2016,3,1.375
456075,2016,3,1.875
456076,2016,3,1
456077,2016,3,1.125
456078,2016,3,1.875
456079,2016,3,NA
456080,2016,3,1.75
456082,2016,3,1.5
456084,2016,3,1.25
456085,2016,3,1.625
456087,2016,3,NA
456088,2016,3,1.857142857
456089,2016,3,2
456090,2016,3,1.625
456091,2016,3,1.5
456092,2016,3,NA
456093,2016,3,2.25
456094,2016,3,1.571428571
456095,2016,3,2
456101,2016,3,1.25
456102,2016,3,1.875
456103,2016,3,1.25
456105,2016,3,1.25
456106,2016,3,1.125
456107,2016,3,1.5
456109,2016,3,1.125
456110,2016,3,1.375
457002,2016,3,1.625
457003,2016,3,1.25
457004,2016,3,2
457005,2016,3,1.625
457006,2016,3,1.875
457007,2016,3,NA
457008,2016,3,2
457009,2016,3,1.5
457010,2016,3,2.625
457011,2016,3,1.75
457012,2016,3,1.75
457013,2016,3,1.875
457014,2016,3,1
457015,2016,3,1.5
457017,2016,3,2.375
457018,2016,3,1.5
457019,2016,3,1.375
457020,2016,3,1.8
457021,2016,3,2
457022,2016,3,2
457023,2016,3,1.875
457024,2016,3,1.375
457025,2016,3,2
457026,2016,3,1.25
457027,2016,3,1.125
457028,2016,3,2.125
457029,2016,3,1.428571429
457030,2016,3,1.625
457032,2016,3,1.375
457033,2016,3,1.25
457034,2016,3,2.125
457035,2016,3,1.25
457036,2016,3,1.75
457037,2016,3,1.625
457038,2016,3,2
457039,2016,3,2.125
457040,2016,3,2.375
457041,2016,3,2.125
457042,2016,3,NA
457043,2016,3,1.25
457044,2016,3,2.25
457045,2016,3,1.625
457051,2016,3,1.625
457052,2016,3,1.75
457053,2016,3,1.125
457055,2016,3,1.375
457056,2016,3,1.142857143
457057,2016,3,2.75
457058,2016,3,2
457059,2016,3,1.375
