Genotype,Year,Experiment,Dpi,Phenotype,Trichomes
455096,2015,1,4,0.055568832,0.116513449
455097,2015,1,4,0.06234067,0.126187897
455098,2015,1,4,0.103182666,0.197401652
455099,2015,1,4,0.063851215,0.101535244
455100,2015,1,4,0.0565305,0.054697856
455102,2015,1,4,0.071987474,0.144552505
455103,2015,1,4,NA,NA
455104,2015,1,4,0.0847112,0.16657307
455105,2015,1,4,0.078209887,0.196139615
455106,2015,1,4,0.070025088,0.158246326
455107,2015,1,4,0.051842872,0.074786727
455108,2015,1,4,0.048276991,0.092106721
455109,2015,1,4,0.084028041,0.167793361
455110,2015,1,4,0.074125813,0.141868318
456001,2015,1,4,0.065374766,0.155424252
456002,2015,1,4,0.159316815,0.236214305
456003,2015,1,4,0.136693417,0.264171885
456004,2015,1,4,0.085763954,0.184114865
456005,2015,1,4,0.088707315,0.163091234
456007,2015,1,4,0.088122729,0.180264257
456008,2015,1,4,0.088732118,0.162707884
456009,2015,1,4,0.105409884,0.204029455
456010,2015,1,4,0.058300326,0.09056423
456011,2015,1,4,0.083470234,0.182865307
456012,2015,1,4,0.091559444,0.169520839
456013,2015,1,4,0.165723088,0.310468464
456014,2015,1,4,0.068047488,0.117875986
456015,2015,1,4,0.070742895,0.064294043
456016,2015,1,4,0.042041688,0.08883262
456017,2015,1,4,0.080984459,0.155199067
456018,2015,1,4,0.048069004,0.087352809
456019,2015,1,4,0.068821239,0.128097181
456020,2015,1,4,0.10811436,0.19533818
456022,2015,1,4,0.081423871,0.1402972
456023,2015,1,4,0.034013099,0.045801033
456024,2015,1,4,0.091769402,0.176601072
456025,2015,1,4,0.05442078,0.139770217
456026,2015,1,4,0.060552589,0.133963636
456027,2015,1,4,0.056579567,0.089981114
456028,2015,1,4,0.051191349,0.109450526
456029,2015,1,4,0.121951547,0.222684754
456030,2015,1,4,0.047026175,0.06632213
456031,2015,1,4,0.062458008,0.114021753
456032,2015,1,4,0.056084288,0.082313207
456033,2015,1,4,0.072808043,0.136680053
456034,2015,1,4,0.096665641,0.179479623
456035,2015,1,4,0.086604421,0.163909216
456037,2015,1,4,0.027445015,0.070380582
456038,2015,1,4,0.100937056,0.214817847
456039,2015,1,4,0.041073252,0.068718418
456040,2015,1,4,0.073138309,0.162729545
456041,2015,1,4,0.068677173,0.11470894
456042,2015,1,4,0.058854048,0.09017327
456044,2015,1,4,0.045414283,0.071398508
456045,2015,1,4,0.090449229,0.207525591
456046,2015,1,4,0.057251639,0.116967326
456047,2015,1,4,0.095292713,0.218287255
456048,2015,1,4,0.049572158,0.077027127
456049,2015,1,4,0.079601453,0.174363006
456050,2015,1,4,0.056507767,0.091488813
456052,2015,1,4,0.055285623,0.084950682
456053,2015,1,4,0.097994892,0.210136906
456054,2015,1,4,0.052521633,0.120441638
456056,2015,1,4,0.05967827,0.095565716
456057,2015,1,4,0.061039,0.094361763
456058,2015,1,4,0.113556038,0.2347865
456059,2015,1,4,0.065375564,0.10087918
456060,2015,1,4,0.044796484,0.144518622
456062,2015,1,4,0.089975988,0.254380144
456063,2015,1,4,0.046252452,0.100833155
456064,2015,1,4,0.050431498,0.096249533
456065,2015,1,4,NA,NA
456067,2015,1,4,0.03744142,0.073515162
456068,2015,1,4,0.050563687,0.084456161
456069,2015,1,4,0.037981272,0.074812916
456070,2015,1,4,0.076973692,0.151678175
456071,2015,1,4,0.042058457,0.07390472
456072,2015,1,4,0.054703172,0.081340186
456073,2015,1,4,0.094705903,0.162290623
456074,2015,1,4,0.10882598,0.166138174
456075,2015,1,4,0.049074857,0.075366057
456076,2015,1,4,0.067856592,0.143105567
456077,2015,1,4,0.107116266,0.207266891
456078,2015,1,4,0.055834294,0.096259666
456079,2015,1,4,0.073962304,0.112948756
456080,2015,1,4,0.050256628,0.088485434
456082,2015,1,4,0.049431242,0.062289242
456084,2015,1,4,0.029331314,0.064674762
456085,2015,1,4,0.043733034,0.100787927
456087,2015,1,4,0.032037737,0.059959814
456088,2015,1,4,0.059790478,0.104550765
456089,2015,1,4,0.065254416,0.098406649
456090,2015,1,4,0.05389742,0.063204315
456091,2015,1,4,0.053926721,0.141595882
456092,2015,1,4,0.072948715,0.191265931
456093,2015,1,4,0.040891661,0.0740385
456094,2015,1,4,0.052836383,0.077555336
456095,2015,1,4,0.053949797,0.111968354
456101,2015,1,4,0.103155732,0.233571008
456102,2015,1,4,0.023470139,0.047619489
456103,2015,1,4,0.072079734,0.130336026
456105,2015,1,4,0.060723665,0.109473883
456106,2015,1,4,0.071100424,0.15342493
456107,2015,1,4,0.052022598,0.100527768
456109,2015,1,4,0.134855414,0.277299776
456110,2015,1,4,0.105159216,0.211583674
457002,2015,1,4,0.069893564,0.122936278
457003,2015,1,4,0.064222512,0.131761674
457004,2015,1,4,0.048081682,0.102844949
457005,2015,1,4,0.040989984,0.09583582
457006,2015,1,4,0.050595314,0.073212957
457007,2015,1,4,NA,NA
457008,2015,1,4,0.049317994,0.115267157
457009,2015,1,4,0.053651179,0.108490808
457010,2015,1,4,0.029780906,0.056182736
457011,2015,1,4,0.057478732,0.094273382
457012,2015,1,4,0.047359992,0.076649975
457013,2015,1,4,0.050982032,0.054768344
457014,2015,1,4,0.068849948,0.121968287
457015,2015,1,4,0.061623763,0.095003601
457017,2015,1,4,0.036394167,0.053396583
457018,2015,1,4,0.140338253,0.209678881
457019,2015,1,4,0.08086656,0.151970732
457020,2015,1,4,0.047704205,0.082901922
457021,2015,1,4,0.054798307,0.102185674
457022,2015,1,4,0.099090327,0.164037841
457023,2015,1,4,0.042871104,0.061352227
457024,2015,1,4,0.048362541,0.084454029
457025,2015,1,4,0.076800897,0.127330566
457026,2015,1,4,0.123186212,0.2612153
457027,2015,1,4,0.049443176,0.106042479
457028,2015,1,4,0.095825488,0.189091615
457029,2015,1,4,0.029997802,0.060901494
457030,2015,1,4,0.177885569,0.267363481
457032,2015,1,4,0.100604286,0.170399269
457033,2015,1,4,0.072899615,0.180461985
457034,2015,1,4,0.062596892,0.115182824
457035,2015,1,4,0.110541932,0.228716575
457036,2015,1,4,0.078893194,0.071492085
457037,2015,1,4,0.124723095,0.186118141
457038,2015,1,4,0.078343106,0.112931136
457039,2015,1,4,0.046373234,0.080570309
457040,2015,1,4,0.051248612,0.076723296
457041,2015,1,4,0.050228073,0.069012301
457042,2015,1,4,0.063650818,0.122300219
457043,2015,1,4,0.064599066,0.093001228
457044,2015,1,4,0.02552011,0.061022268
457045,2015,1,4,0.052670893,0.101323467
457051,2015,1,4,0.075907284,0.130643768
457052,2015,1,4,0.090813414,0.138458237
457053,2015,1,4,0.141694832,0.239876545
457055,2015,1,4,0.086233015,0.195089928
457056,2015,1,4,0.143385377,0.274109636
457057,2015,1,4,0.036280007,0.061311098
457058,2015,1,4,0.07956074,0.177618132
457059,2015,1,4,0.123091456,0.244841346
455096,2015,1,5,0.128281309,0.116513449
455097,2015,1,5,0.136582504,0.126187897
455098,2015,1,5,0.159364303,0.197401652
455099,2015,1,5,0.105413617,0.101535244
455100,2015,1,5,0.093058895,0.054697856
455102,2015,1,5,0.117428127,0.144552505
455103,2015,1,5,NA,NA
455104,2015,1,5,0.135484541,0.16657307
455105,2015,1,5,0.100230308,0.196139615
455106,2015,1,5,0.132705057,0.158246326
455107,2015,1,5,0.104833306,0.074786727
455108,2015,1,5,0.091362529,0.092106721
455109,2015,1,5,0.117347012,0.167793361
455110,2015,1,5,0.124379192,0.141868318
456001,2015,1,5,0.14229537,0.155424252
456002,2015,1,5,0.153846889,0.236214305
456003,2015,1,5,0.164428616,0.264171885
456004,2015,1,5,0.138400367,0.184114865
456005,2015,1,5,0.120629512,0.163091234
456007,2015,1,5,0.164006562,0.180264257
456008,2015,1,5,0.134055699,0.162707884
456009,2015,1,5,0.15279212,0.204029455
456010,2015,1,5,0.108100433,0.09056423
456011,2015,1,5,0.199305915,0.182865307
456012,2015,1,5,0.141590445,0.169520839
456013,2015,1,5,0.290971896,0.310468464
456014,2015,1,5,0.118096967,0.117875986
456015,2015,1,5,0.113772645,0.064294043
456016,2015,1,5,0.095745449,0.08883262
456017,2015,1,5,0.12806598,0.155199067
456018,2015,1,5,0.125348268,0.087352809
456019,2015,1,5,0.214919526,0.128097181
456020,2015,1,5,0.155500219,0.19533818
456022,2015,1,5,0.143799132,0.1402972
456023,2015,1,5,0.089043076,0.045801033
456024,2015,1,5,0.132149922,0.176601072
456025,2015,1,5,0.118777823,0.139770217
456026,2015,1,5,0.107759008,0.133963636
456027,2015,1,5,0.097844135,0.089981114
456028,2015,1,5,0.120361737,0.109450526
456029,2015,1,5,0.144585574,0.222684754
456030,2015,1,5,0.10727128,0.06632213
456031,2015,1,5,0.095605835,0.114021753
456032,2015,1,5,0.120102241,0.082313207
456033,2015,1,5,0.107223897,0.136680053
456034,2015,1,5,0.119770987,0.179479623
456035,2015,1,5,0.144835627,0.163909216
456037,2015,1,5,0.111662685,0.070380582
456038,2015,1,5,0.146469339,0.214817847
456039,2015,1,5,0.10514575,0.068718418
456040,2015,1,5,0.137808447,0.162729545
456041,2015,1,5,0.096686213,0.11470894
456042,2015,1,5,0.110445522,0.09017327
456044,2015,1,5,0.090284705,0.071398508
456045,2015,1,5,0.149548419,0.207525591
456046,2015,1,5,0.091655105,0.116967326
456047,2015,1,5,0.142180871,0.218287255
456048,2015,1,5,0.10726228,0.077027127
456049,2015,1,5,0.125962687,0.174363006
456050,2015,1,5,0.108079944,0.091488813
456052,2015,1,5,0.118437335,0.084950682
456053,2015,1,5,0.171721479,0.210136906
456054,2015,1,5,0.093340708,0.120441638
456056,2015,1,5,0.1221575,0.095565716
456057,2015,1,5,0.099297027,0.094361763
456058,2015,1,5,0.176629696,0.2347865
456059,2015,1,5,0.161220365,0.10087918
456060,2015,1,5,0.122343101,0.144518622
456062,2015,1,5,0.150216465,0.254380144
456063,2015,1,5,0.090620261,0.100833155
456064,2015,1,5,0.125437654,0.096249533
456065,2015,1,5,NA,NA
456067,2015,1,5,0.142454669,0.073515162
456068,2015,1,5,0.116571718,0.084456161
456069,2015,1,5,0.09713874,0.074812916
456070,2015,1,5,0.133988054,0.151678175
456071,2015,1,5,0.118235784,0.07390472
456072,2015,1,5,0.085605274,0.081340186
456073,2015,1,5,0.15654199,0.162290623
456074,2015,1,5,0.162616608,0.166138174
456075,2015,1,5,0.098291396,0.075366057
456076,2015,1,5,0.143813617,0.143105567
456077,2015,1,5,0.17926262,0.207266891
456078,2015,1,5,0.088877104,0.096259666
456079,2015,1,5,0.168448706,0.112948756
456080,2015,1,5,0.090943446,0.088485434
456082,2015,1,5,0.10259575,0.062289242
456084,2015,1,5,0.080030468,0.064674762
456085,2015,1,5,0.109617063,0.100787927
456087,2015,1,5,0.073042855,0.059959814
456088,2015,1,5,0.130617279,0.104550765
456089,2015,1,5,0.108126403,0.098406649
456090,2015,1,5,0.120426259,0.063204315
456091,2015,1,5,0.152631682,0.141595882
456092,2015,1,5,0.137224416,0.191265931
456093,2015,1,5,0.13995595,0.0740385
456094,2015,1,5,0.117790164,0.077555336
456095,2015,1,5,0.098841568,0.111968354
456101,2015,1,5,0.178829392,0.233571008
456102,2015,1,5,0.080043799,0.047619489
456103,2015,1,5,0.10046278,0.130336026
456105,2015,1,5,0.091689132,0.109473883
456106,2015,1,5,0.127963249,0.15342493
456107,2015,1,5,0.116072244,0.100527768
456109,2015,1,5,0.235252541,0.277299776
456110,2015,1,5,0.195940121,0.211583674
457002,2015,1,5,0.170558418,0.122936278
457003,2015,1,5,0.143848311,0.131761674
457004,2015,1,5,0.130664468,0.102844949
457005,2015,1,5,0.09480707,0.09583582
457006,2015,1,5,0.109754421,0.073212957
457007,2015,1,5,NA,NA
457008,2015,1,5,0.101753276,0.115267157
457009,2015,1,5,0.098665161,0.108490808
457010,2015,1,5,0.083966304,0.056182736
457011,2015,1,5,0.094322591,0.094273382
457012,2015,1,5,0.10012995,0.076649975
457013,2015,1,5,0.08534349,0.054768344
457014,2015,1,5,0.131362034,0.121968287
457015,2015,1,5,0.109500531,0.095003601
457017,2015,1,5,0.100093491,0.053396583
457018,2015,1,5,0.154866403,0.209678881
457019,2015,1,5,0.131886543,0.151970732
457020,2015,1,5,0.11160169,0.082901922
457021,2015,1,5,0.098141626,0.102185674
457022,2015,1,5,0.132336157,0.164037841
457023,2015,1,5,0.104605938,0.061352227
457024,2015,1,5,0.103151132,0.084454029
457025,2015,1,5,0.106674217,0.127330566
457026,2015,1,5,0.227921124,0.2612153
457027,2015,1,5,0.106068845,0.106042479
457028,2015,1,5,0.165425677,0.189091615
457029,2015,1,5,0.13521129,0.060901494
457030,2015,1,5,0.217824478,0.267363481
457032,2015,1,5,0.197296321,0.170399269
457033,2015,1,5,0.190368961,0.180461985
457034,2015,1,5,0.141278744,0.115182824
457035,2015,1,5,0.158413421,0.228716575
457036,2015,1,5,0.134661577,0.071492085
457037,2015,1,5,0.148307439,0.186118141
457038,2015,1,5,0.163447511,0.112931136
457039,2015,1,5,0.099736746,0.080570309
457040,2015,1,5,0.109406879,0.076723296
457041,2015,1,5,0.079471106,0.069012301
457042,2015,1,5,0.10334014,0.122300219
457043,2015,1,5,0.103642911,0.093001228
457044,2015,1,5,0.078964502,0.061022268
457045,2015,1,5,0.105762957,0.101323467
457051,2015,1,5,0.134766655,0.130643768
457052,2015,1,5,0.130526224,0.138458237
457053,2015,1,5,0.205705698,0.239876545
457055,2015,1,5,0.143456015,0.195089928
457056,2015,1,5,0.235297152,0.274109636
457057,2015,1,5,0.09331366,0.061311098
457058,2015,1,5,0.121761585,0.177618132
457059,2015,1,5,0.166188376,0.244841346
455096,2015,1,6,0.139336629,0.116513449
455097,2015,1,6,0.133232897,0.126187897
455098,2015,1,6,0.166458094,0.197401652
455099,2015,1,6,0.12956416,0.101535244
455100,2015,1,6,0.107456906,0.054697856
455102,2015,1,6,0.120601154,0.144552505
455103,2015,1,6,NA,NA
455104,2015,1,6,0.129614178,0.16657307
455105,2015,1,6,0.120526237,0.196139615
455106,2015,1,6,0.116349873,0.158246326
455107,2015,1,6,0.089435269,0.074786727
455108,2015,1,6,0.089803227,0.092106721
455109,2015,1,6,0.130856951,0.167793361
455110,2015,1,6,0.142464143,0.141868318
456001,2015,1,6,0.120679223,0.155424252
456002,2015,1,6,0.229120919,0.236214305
456003,2015,1,6,0.199521982,0.264171885
456004,2015,1,6,0.125552836,0.184114865
456005,2015,1,6,0.135194042,0.163091234
456007,2015,1,6,0.146032524,0.180264257
456008,2015,1,6,0.126847171,0.162707884
456009,2015,1,6,0.164432172,0.204029455
456010,2015,1,6,0.118669386,0.09056423
456011,2015,1,6,0.144535206,0.182865307
456012,2015,1,6,0.149331955,0.169520839
456013,2015,1,6,0.267925314,0.310468464
456014,2015,1,6,0.125414763,0.117875986
456015,2015,1,6,0.118349791,0.064294043
456016,2015,1,6,0.125383929,0.08883262
456017,2015,1,6,0.158054578,0.155199067
456018,2015,1,6,0.110952283,0.087352809
456019,2015,1,6,0.168512064,0.128097181
456020,2015,1,6,0.154091127,0.19533818
456022,2015,1,6,0.128545857,0.1402972
456023,2015,1,6,0.059025998,0.045801033
456024,2015,1,6,0.134729827,0.176601072
456025,2015,1,6,0.114169828,0.139770217
456026,2015,1,6,0.112014689,0.133963636
456027,2015,1,6,0.112851864,0.089981114
456028,2015,1,6,0.119245953,0.109450526
456029,2015,1,6,0.186141851,0.222684754
456030,2015,1,6,0.100267973,0.06632213
456031,2015,1,6,0.086178261,0.114021753
456032,2015,1,6,0.092860266,0.082313207
456033,2015,1,6,0.124120396,0.136680053
456034,2015,1,6,0.13993998,0.179479623
456035,2015,1,6,0.126729947,0.163909216
456037,2015,1,6,0.07809431,0.070380582
456038,2015,1,6,0.175106937,0.214817847
456039,2015,1,6,0.067661673,0.068718418
456040,2015,1,6,0.123031323,0.162729545
456041,2015,1,6,0.111758133,0.11470894
456042,2015,1,6,0.105177991,0.09017327
456044,2015,1,6,0.079507398,0.071398508
456045,2015,1,6,0.160714561,0.207525591
456046,2015,1,6,0.123080286,0.116967326
456047,2015,1,6,0.17412662,0.218287255
456048,2015,1,6,0.09730577,0.077027127
456049,2015,1,6,0.134921271,0.174363006
456050,2015,1,6,0.140599299,0.091488813
456052,2015,1,6,0.103610378,0.084950682
456053,2015,1,6,0.174190271,0.210136906
456054,2015,1,6,0.11815609,0.120441638
456056,2015,1,6,0.102624944,0.095565716
456057,2015,1,6,0.101512517,0.094361763
456058,2015,1,6,0.191554802,0.2347865
456059,2015,1,6,0.119824688,0.10087918
456060,2015,1,6,0.128154517,0.144518622
456062,2015,1,6,0.177295482,0.254380144
456063,2015,1,6,0.116625194,0.100833155
456064,2015,1,6,0.098058773,0.096249533
456065,2015,1,6,NA,NA
456067,2015,1,6,0.083094656,0.073515162
456068,2015,1,6,0.110661418,0.084456161
456069,2015,1,6,0.064297741,0.074812916
456070,2015,1,6,0.135438341,0.151678175
456071,2015,1,6,0.093008514,0.07390472
456072,2015,1,6,0.106246997,0.081340186
456073,2015,1,6,0.163170854,0.162290623
456074,2015,1,6,0.186635216,0.166138174
456075,2015,1,6,0.101269649,0.075366057
456076,2015,1,6,0.147462782,0.143105567
456077,2015,1,6,0.201751747,0.207266891
456078,2015,1,6,0.120699203,0.096259666
456079,2015,1,6,0.174826913,0.112948756
456080,2015,1,6,0.084767243,0.088485434
456082,2015,1,6,0.085429796,0.062289242
456084,2015,1,6,0.06687792,0.064674762
456085,2015,1,6,0.09514332,0.100787927
456087,2015,1,6,0.067979253,0.059959814
456088,2015,1,6,0.103810522,0.104550765
456089,2015,1,6,0.118064915,0.098406649
456090,2015,1,6,0.112754507,0.063204315
456091,2015,1,6,0.136881904,0.141595882
456092,2015,1,6,0.142134203,0.191265931
456093,2015,1,6,0.086140321,0.0740385
456094,2015,1,6,0.105768869,0.077555336
456095,2015,1,6,0.127626516,0.111968354
456101,2015,1,6,0.199844929,0.233571008
456102,2015,1,6,0.070767912,0.047619489
456103,2015,1,6,0.102107487,0.130336026
456105,2015,1,6,0.102011656,0.109473883
456106,2015,1,6,0.139820517,0.15342493
456107,2015,1,6,0.123398954,0.100527768
456109,2015,1,6,0.289754238,0.277299776
456110,2015,1,6,0.202656257,0.211583674
457002,2015,1,6,0.140702976,0.122936278
457003,2015,1,6,0.134855545,0.131761674
457004,2015,1,6,0.141213331,0.102844949
457005,2015,1,6,0.111768991,0.09583582
457006,2015,1,6,0.124891477,0.073212957
457007,2015,1,6,NA,NA
457008,2015,1,6,0.112661543,0.115267157
457009,2015,1,6,0.113273116,0.108490808
457010,2015,1,6,0.068637629,0.056182736
457011,2015,1,6,0.098421934,0.094273382
457012,2015,1,6,0.120205274,0.076649975
457013,2015,1,6,0.111791109,0.054768344
457014,2015,1,6,0.133994775,0.121968287
457015,2015,1,6,0.108362335,0.095003601
457017,2015,1,6,0.070361352,0.053396583
457018,2015,1,6,0.206380454,0.209678881
457019,2015,1,6,0.150613336,0.151970732
457020,2015,1,6,0.115854219,0.082901922
457021,2015,1,6,0.090476291,0.102185674
457022,2015,1,6,0.145112019,0.164037841
457023,2015,1,6,0.114540241,0.061352227
457024,2015,1,6,0.10048516,0.084454029
457025,2015,1,6,0.160652309,0.127330566
457026,2015,1,6,0.233600302,0.2612153
457027,2015,1,6,0.141900315,0.106042479
457028,2015,1,6,0.197076314,0.189091615
457029,2015,1,6,0.089067144,0.060901494
457030,2015,1,6,0.209354779,0.267363481
457032,2015,1,6,0.154123225,0.170399269
457033,2015,1,6,0.144079847,0.180461985
457034,2015,1,6,0.129952991,0.115182824
457035,2015,1,6,0.166463686,0.228716575
457036,2015,1,6,0.111882905,0.071492085
457037,2015,1,6,0.164121997,0.186118141
457038,2015,1,6,0.146575898,0.112931136
457039,2015,1,6,0.103551286,0.080570309
457040,2015,1,6,0.108618422,0.076723296
457041,2015,1,6,0.092069539,0.069012301
457042,2015,1,6,0.125327125,0.122300219
457043,2015,1,6,0.116020345,0.093001228
457044,2015,1,6,0.078292286,0.061022268
457045,2015,1,6,0.13449268,0.101323467
457051,2015,1,6,0.146861565,0.130643768
457052,2015,1,6,0.162068675,0.138458237
457053,2015,1,6,0.213324433,0.239876545
457055,2015,1,6,0.152354121,0.195089928
457056,2015,1,6,0.228640556,0.274109636
457057,2015,1,6,0.075455797,0.061311098
457058,2015,1,6,0.179221507,0.177618132
457059,2015,1,6,0.205798352,0.244841346
455096,2015,1,7,0.077144094,0.116513449
455097,2015,1,7,0.061593193,0.126187897
455098,2015,1,7,0.080674301,0.197401652
455099,2015,1,7,0.088112557,0.101535244
455100,2015,1,7,0.103760069,0.054697856
455102,2015,1,7,0.091908326,0.144552505
455103,2015,1,7,NA,NA
455104,2015,1,7,0.077991564,0.16657307
455105,2015,1,7,0.067661316,0.196139615
455106,2015,1,7,0.065442945,0.158246326
455107,2015,1,7,0.063142453,0.074786727
455108,2015,1,7,0.034740662,0.092106721
455109,2015,1,7,0.084837789,0.167793361
455110,2015,1,7,0.080537372,0.141868318
456001,2015,1,7,0.060955523,0.155424252
456002,2015,1,7,0.134482009,0.236214305
456003,2015,1,7,0.0723483,0.264171885
456004,2015,1,7,0.065756448,0.184114865
456005,2015,1,7,0.069655936,0.163091234
456007,2015,1,7,0.056088123,0.180264257
456008,2015,1,7,0.05910645,0.162707884
456009,2015,1,7,0.075110951,0.204029455
456010,2015,1,7,0.04142364,0.09056423
456011,2015,1,7,0.057682782,0.182865307
456012,2015,1,7,0.060149751,0.169520839
456013,2015,1,7,0.094414371,0.310468464
456014,2015,1,7,0.055206037,0.117875986
456015,2015,1,7,0.052543626,0.064294043
456016,2015,1,7,0.043853542,0.08883262
456017,2015,1,7,0.069769371,0.155199067
456018,2015,1,7,0.057589816,0.087352809
456019,2015,1,7,0.078819178,0.128097181
456020,2015,1,7,0.065910617,0.19533818
456022,2015,1,7,0.047736489,0.1402972
456023,2015,1,7,0.027811992,0.045801033
456024,2015,1,7,0.049778108,0.176601072
456025,2015,1,7,0.053408753,0.139770217
456026,2015,1,7,0.061321031,0.133963636
456027,2015,1,7,0.036649336,0.089981114
456028,2015,1,7,0.049422773,0.109450526
456029,2015,1,7,0.088183932,0.222684754
456030,2015,1,7,0.052483256,0.06632213
456031,2015,1,7,0.045783929,0.114021753
456032,2015,1,7,0.054545336,0.082313207
456033,2015,1,7,0.060357379,0.136680053
456034,2015,1,7,0.080109094,0.179479623
456035,2015,1,7,0.057088421,0.163909216
456037,2015,1,7,0.044656022,0.070380582
456038,2015,1,7,0.081607376,0.214817847
456039,2015,1,7,0.040147137,0.068718418
456040,2015,1,7,0.071761793,0.162729545
456041,2015,1,7,0.04749721,0.11470894
456042,2015,1,7,0.069256496,0.09017327
456044,2015,1,7,0.044855816,0.071398508
456045,2015,1,7,0.097271172,0.207525591
456046,2015,1,7,0.060987646,0.116967326
456047,2015,1,7,0.056617492,0.218287255
456048,2015,1,7,0.048751381,0.077027127
456049,2015,1,7,0.063151471,0.174363006
456050,2015,1,7,0.053479693,0.091488813
456052,2015,1,7,0.040880903,0.084950682
456053,2015,1,7,0.077196394,0.210136906
456054,2015,1,7,0.042796152,0.120441638
456056,2015,1,7,0.060679385,0.095565716
456057,2015,1,7,0.050884976,0.094361763
456058,2015,1,7,0.074656206,0.2347865
456059,2015,1,7,0.074976567,0.10087918
456060,2015,1,7,0.046923354,0.144518622
456062,2015,1,7,0.077411476,0.254380144
456063,2015,1,7,0.077639558,0.100833155
456064,2015,1,7,0.053446525,0.096249533
456065,2015,1,7,NA,NA
456067,2015,1,7,0.040595471,0.073515162
456068,2015,1,7,0.060742263,0.084456161
456069,2015,1,7,0.039908657,0.074812916
456070,2015,1,7,0.066378846,0.151678175
456071,2015,1,7,0.046267491,0.07390472
456072,2015,1,7,0.036805011,0.081340186
456073,2015,1,7,0.042063405,0.162290623
456074,2015,1,7,0.0630955,0.166138174
456075,2015,1,7,0.049280452,0.075366057
456076,2015,1,7,0.04936367,0.143105567
456077,2015,1,7,0.092246862,0.207266891
456078,2015,1,7,0.06676659,0.096259666
456079,2015,1,7,0.080179373,0.112948756
456080,2015,1,7,0.04046071,0.088485434
456082,2015,1,7,0.04283695,0.062289242
456084,2015,1,7,0.026898076,0.064674762
456085,2015,1,7,0.044604,0.100787927
456087,2015,1,7,0.050006994,0.059959814
456088,2015,1,7,0.051090684,0.104550765
456089,2015,1,7,0.067102156,0.098406649
456090,2015,1,7,0.069491554,0.063204315
456091,2015,1,7,0.055646959,0.141595882
456092,2015,1,7,0.062257166,0.191265931
456093,2015,1,7,0.064617337,0.0740385
456094,2015,1,7,0.064055671,0.077555336
456095,2015,1,7,0.056601185,0.111968354
456101,2015,1,7,0.083330404,0.233571008
456102,2015,1,7,0.056778054,0.047619489
456103,2015,1,7,0.057931893,0.130336026
456105,2015,1,7,0.064480094,0.109473883
456106,2015,1,7,0.058731239,0.15342493
456107,2015,1,7,0.058678075,0.100527768
456109,2015,1,7,0.068320596,0.277299776
456110,2015,1,7,0.085028881,0.211583674
457002,2015,1,7,0.050405029,0.122936278
457003,2015,1,7,0.077843197,0.131761674
457004,2015,1,7,0.075411335,0.102844949
457005,2015,1,7,0.04770983,0.09583582
457006,2015,1,7,0.056319294,0.073212957
457007,2015,1,7,NA,NA
457008,2015,1,7,0.043896117,0.115267157
457009,2015,1,7,0.042113352,0.108490808
457010,2015,1,7,0.047425889,0.056182736
457011,2015,1,7,0.059154479,0.094273382
457012,2015,1,7,0.075547603,0.076649975
457013,2015,1,7,0.073399965,0.054768344
457014,2015,1,7,0.077730306,0.121968287
457015,2015,1,7,0.054705767,0.095003601
457017,2015,1,7,0.0361731,0.053396583
457018,2015,1,7,0.099464117,0.209678881
457019,2015,1,7,0.065953246,0.151970732
457020,2015,1,7,0.058742956,0.082901922
457021,2015,1,7,0.044234024,0.102185674
457022,2015,1,7,0.075457025,0.164037841
457023,2015,1,7,0.068333472,0.061352227
457024,2015,1,7,0.054126238,0.084454029
457025,2015,1,7,0.082216882,0.127330566
457026,2015,1,7,0.074522511,0.2612153
457027,2015,1,7,0.06203563,0.106042479
457028,2015,1,7,0.064774519,0.189091615
457029,2015,1,7,0.048278795,0.060901494
457030,2015,1,7,0.12364423,0.267363481
457032,2015,1,7,0.076668805,0.170399269
457033,2015,1,7,0.055308446,0.180461985
457034,2015,1,7,0.066609309,0.115182824
457035,2015,1,7,0.065279568,0.228716575
457036,2015,1,7,0.06485717,0.071492085
457037,2015,1,7,0.081703706,0.186118141
457038,2015,1,7,0.09620888,0.112931136
457039,2015,1,7,0.058849011,0.080570309
457040,2015,1,7,0.065356301,0.076723296
457041,2015,1,7,0.055031628,0.069012301
457042,2015,1,7,0.052493269,0.122300219
457043,2015,1,7,0.063965128,0.093001228
457044,2015,1,7,0.049441363,0.061022268
457045,2015,1,7,0.050623282,0.101323467
457051,2015,1,7,0.061417093,0.130643768
457052,2015,1,7,0.06490786,0.138458237
457053,2015,1,7,0.106734793,0.239876545
457055,2015,1,7,0.072198508,0.195089928
457056,2015,1,7,0.089016235,0.274109636
457057,2015,1,7,0.035092914,0.061311098
457058,2015,1,7,0.11276701,0.177618132
457059,2015,1,7,0.097199594,0.244841346
455096,2015,2,4,0.098893512,0.248982758
455097,2015,2,4,0.072681044,0.164620135
455098,2015,2,4,0.108972897,0.247214971
455099,2015,2,4,0.074298296,0.161947671
455100,2015,2,4,0.046699829,0.100353942
455102,2015,2,4,0.11079739,0.243259065
455103,2015,2,4,NA,NA
455104,2015,2,4,0.117142645,0.215119241
455105,2015,2,4,0.040906745,0.087072814
455106,2015,2,4,0.08020808,0.191364511
455107,2015,2,4,0.025761627,0.042732331
455108,2015,2,4,0.093525634,0.185657834
455109,2015,2,4,0.096195035,0.215935784
455110,2015,2,4,0.076006034,0.195682084
456001,2015,2,4,0.047047026,0.116685857
456002,2015,2,4,0.131546463,0.238353553
456003,2015,2,4,0.06606511,0.143627002
456004,2015,2,4,0.057775164,0.130403766
456005,2015,2,4,0.052477718,0.08680485
456007,2015,2,4,0.091842079,0.176881779
456008,2015,2,4,0.109955067,0.193199112
456009,2015,2,4,0.058480807,0.144954246
456010,2015,2,4,0.043868417,0.118420872
456011,2015,2,4,0.097223099,0.247348513
456012,2015,2,4,0.090016841,0.207340063
456013,2015,2,4,0.146273297,0.259709551
456014,2015,2,4,0.055111846,0.142108728
456015,2015,2,4,0.020755991,0.057237152
456016,2015,2,4,0.055396518,0.109930093
456017,2015,2,4,0.059486114,0.126627205
456018,2015,2,4,0.059630262,0.155230009
456019,2015,2,4,0.036175574,0.095295516
456020,2015,2,4,0.055423454,0.124293536
456022,2015,2,4,0.070750921,0.166893741
456023,2015,2,4,0.018176869,0.03206141
456024,2015,2,4,0.071314503,0.14136621
456025,2015,2,4,0.060252405,0.131060566
456026,2015,2,4,0.079761307,0.159003747
456027,2015,2,4,0.04808076,0.124833547
456028,2015,2,4,0.067358933,0.123472133
456029,2015,2,4,0.121228669,0.251328041
456030,2015,2,4,0.028314911,0.064680948
456031,2015,2,4,0.056382313,0.154837769
456032,2015,2,4,0.028444142,0.057781636
456033,2015,2,4,0.075296579,0.125719228
456034,2015,2,4,0.056907415,0.09286128
456035,2015,2,4,0.076175699,0.142380599
456037,2015,2,4,0.03006216,0.047287038
456038,2015,2,4,0.062358388,0.125396322
456039,2015,2,4,0.029679741,0.039707888
456040,2015,2,4,0.049880646,0.066044024
456041,2015,2,4,0.060240768,0.141890958
456042,2015,2,4,0.049438383,0.087969752
456044,2015,2,4,0.05242427,0.076683519
456045,2015,2,4,0.128082945,0.247039972
456046,2015,2,4,0.05783852,0.11890109
456047,2015,2,4,0.06403416,0.164701651
456048,2015,2,4,0.037412428,0.062444321
456049,2015,2,4,0.068179574,0.142850197
456050,2015,2,4,0.036829112,0.074141988
456052,2015,2,4,0.041135567,0.073744501
456053,2015,2,4,0.105274984,0.239656891
456054,2015,2,4,0.044587801,0.095752036
456056,2015,2,4,0.05940807,0.110315827
456057,2015,2,4,0.052267481,0.08893068
456058,2015,2,4,0.088290241,0.157809697
456059,2015,2,4,0.032214575,0.060142303
456060,2015,2,4,0.054827908,0.079901545
456062,2015,2,4,0.073906094,0.120125008
456063,2015,2,4,0.072700095,0.096158782
456064,2015,2,4,0.078834448,0.104722061
456065,2015,2,4,NA,NA
456067,2015,2,4,0.026820357,0.033811322
456068,2015,2,4,0.054536973,0.081936936
456069,2015,2,4,0.024798062,0.059628709
456070,2015,2,4,0.113568047,0.197291076
456071,2015,2,4,0.030625321,0.057027272
456072,2015,2,4,0.025932554,0.082732072
456073,2015,2,4,0.056048814,0.112898641
456074,2015,2,4,0.056975459,0.114044049
456075,2015,2,4,0.046940299,0.055856887
456076,2015,2,4,0.077143988,0.142581617
456077,2015,2,4,0.072634438,0.166942472
456078,2015,2,4,0.041491608,0.10238746
456079,2015,2,4,0.041849261,0.131100274
456080,2015,2,4,0.066529929,0.123781706
456082,2015,2,4,0.042424037,0.081912822
456084,2015,2,4,0.034346148,0.057334668
456085,2015,2,4,0.053094068,0.091763588
456087,2015,2,4,0.029678917,0.085027006
456088,2015,2,4,0.027542937,0.063556091
456089,2015,2,4,0.042451811,0.084097044
456090,2015,2,4,0.031516082,0.050805219
456091,2015,2,4,0.041694347,0.114307431
456092,2015,2,4,0.097275925,0.250789831
456093,2015,2,4,0.03532324,0.070179802
456094,2015,2,4,0.029921515,0.062093268
456095,2015,2,4,0.038118641,0.087652809
456101,2015,2,4,0.054419488,0.133627603
456102,2015,2,4,0.018867556,0.042764319
456103,2015,2,4,0.052567353,0.090945505
456105,2015,2,4,0.046687947,0.103191792
456106,2015,2,4,0.0451888,0.118488467
456107,2015,2,4,0.040410945,0.098694109
456109,2015,2,4,0.043662612,0.09845453
456110,2015,2,4,0.033590677,0.075878948
457002,2015,2,4,0.072500002,0.159209734
457003,2015,2,4,0.076297752,0.156796226
457004,2015,2,4,0.03355404,0.063359179
457005,2015,2,4,0.029007646,0.094724797
457006,2015,2,4,0.026551143,0.046986721
457007,2015,2,4,NA,NA
457008,2015,2,4,0.048056768,0.10808239
457009,2015,2,4,0.04818339,0.093328343
457010,2015,2,4,0.020713485,0.03319944
457011,2015,2,4,0.050535521,0.107511244
457012,2015,2,4,0.028227182,0.054095007
457013,2015,2,4,0.030955469,0.054794344
457014,2015,2,4,0.10317431,0.200552585
457015,2015,2,4,0.040012152,0.064275487
457017,2015,2,4,0.029073192,0.054416314
457018,2015,2,4,0.086541213,0.12980776
457019,2015,2,4,0.053553841,0.118204113
457020,2015,2,4,0.024865109,0.053721143
457021,2015,2,4,0.037575532,0.071942551
457022,2015,2,4,0.059647173,0.137368005
457023,2015,2,4,0.026511311,0.061729413
457024,2015,2,4,0.033029158,0.06582194
457025,2015,2,4,0.034573535,0.086245233
457026,2015,2,4,0.070988844,0.193043416
457027,2015,2,4,0.029674472,0.078634897
457028,2015,2,4,0.049487775,0.209674076
457029,2015,2,4,0.015255059,0.057726082
457030,2015,2,4,0.058311442,0.164151051
457032,2015,2,4,0.048418565,0.112882267
457033,2015,2,4,0.048390638,0.083585559
457034,2015,2,4,0.042027458,0.107332021
457035,2015,2,4,0.049382567,0.13872716
457036,2015,2,4,0.027618569,0.060848721
457037,2015,2,4,0.05610925,0.129074287
457038,2015,2,4,0.041982061,0.085531427
457039,2015,2,4,0.021667094,0.04861612
457040,2015,2,4,0.022699691,0.048258167
457041,2015,2,4,0.030090512,0.057858212
457042,2015,2,4,0.047179959,0.138773662
457043,2015,2,4,0.040532456,0.091421163
457044,2015,2,4,0.026583309,0.045743475
457045,2015,2,4,0.039226289,0.098840819
457051,2015,2,4,0.047790614,0.085020608
457052,2015,2,4,0.058995051,0.134229247
457053,2015,2,4,0.051878647,0.116588334
457055,2015,2,4,0.039275311,0.098538168
457056,2015,2,4,0.061688144,0.141595473
457057,2015,2,4,0.017855446,0.047660809
457058,2015,2,4,0.042673455,0.100924722
457059,2015,2,4,0.037729737,0.098019227
455096,2015,2,5,0.233563085,0.248982758
455097,2015,2,5,0.146709707,0.164620135
455098,2015,2,5,0.256734441,0.247214971
455099,2015,2,5,0.153914878,0.161947671
455100,2015,2,5,0.107909994,0.100353942
455102,2015,2,5,0.232070592,0.243259065
455103,2015,2,5,NA,NA
455104,2015,2,5,0.204953458,0.215119241
455105,2015,2,5,0.101216284,0.087072814
455106,2015,2,5,0.191090726,0.191364511
455107,2015,2,5,0.060459426,0.042732331
455108,2015,2,5,0.159365479,0.185657834
455109,2015,2,5,0.232912895,0.215935784
455110,2015,2,5,0.202751742,0.195682084
456001,2015,2,5,0.119083905,0.116685857
456002,2015,2,5,0.238174382,0.238353553
456003,2015,2,5,0.161026857,0.143627002
456004,2015,2,5,0.147134862,0.130403766
456005,2015,2,5,0.110472477,0.08680485
456007,2015,2,5,0.196874074,0.176881779
456008,2015,2,5,0.198664147,0.193199112
456009,2015,2,5,0.132809097,0.144954246
456010,2015,2,5,0.120012484,0.118420872
456011,2015,2,5,0.244980043,0.247348513
456012,2015,2,5,0.1817685,0.207340063
456013,2015,2,5,0.273240933,0.259709551
456014,2015,2,5,0.157362495,0.142108728
456015,2015,2,5,0.077362608,0.057237152
456016,2015,2,5,0.130884421,0.109930093
456017,2015,2,5,0.140015863,0.126627205
456018,2015,2,5,0.16459786,0.155230009
456019,2015,2,5,0.122099229,0.095295516
456020,2015,2,5,0.145224296,0.124293536
456022,2015,2,5,0.16227211,0.166893741
456023,2015,2,5,0.042589364,0.03206141
456024,2015,2,5,0.143242252,0.14136621
456025,2015,2,5,0.140828796,0.131060566
456026,2015,2,5,0.168462153,0.159003747
456027,2015,2,5,0.139751648,0.124833547
456028,2015,2,5,0.11745282,0.123472133
456029,2015,2,5,0.237898424,0.251328041
456030,2015,2,5,0.070644366,0.064680948
456031,2015,2,5,0.153037552,0.154837769
456032,2015,2,5,0.059892025,0.057781636
456033,2015,2,5,0.131133959,0.125719228
456034,2015,2,5,0.106133917,0.09286128
456035,2015,2,5,0.153683515,0.142380599
456037,2015,2,5,0.050668279,0.047287038
456038,2015,2,5,0.118494153,0.125396322
456039,2015,2,5,0.041101279,0.039707888
456040,2015,2,5,0.07573018,0.066044024
456041,2015,2,5,0.146842822,0.141890958
456042,2015,2,5,0.104409214,0.087969752
456044,2015,2,5,0.083804096,0.076683519
456045,2015,2,5,0.234632795,0.247039972
456046,2015,2,5,0.127222832,0.11890109
456047,2015,2,5,0.180681987,0.164701651
456048,2015,2,5,0.082971885,0.062444321
456049,2015,2,5,0.159240383,0.142850197
456050,2015,2,5,0.09708088,0.074141988
456052,2015,2,5,0.092803361,0.073744501
456053,2015,2,5,0.21098629,0.239656891
456054,2015,2,5,0.091802768,0.095752036
456056,2015,2,5,0.10805405,0.110315827
456057,2015,2,5,0.09196169,0.08893068
456058,2015,2,5,0.157059907,0.157809697
456059,2015,2,5,0.05939322,0.060142303
456060,2015,2,5,0.08002108,0.079901545
456062,2015,2,5,0.140309796,0.120125008
456063,2015,2,5,0.11649685,0.096158782
456064,2015,2,5,0.107869561,0.104722061
456065,2015,2,5,NA,NA
456067,2015,2,5,0.038817393,0.033811322
456068,2015,2,5,0.093747448,0.081936936
456069,2015,2,5,0.062480568,0.059628709
456070,2015,2,5,0.190843394,0.197291076
456071,2015,2,5,0.063743278,0.057027272
456072,2015,2,5,0.091620053,0.082732072
456073,2015,2,5,0.117823095,0.112898641
456074,2015,2,5,0.136449215,0.114044049
456075,2015,2,5,0.084460866,0.055856887
456076,2015,2,5,0.169783728,0.142581617
456077,2015,2,5,0.165877001,0.166942472
456078,2015,2,5,0.12054072,0.10238746
456079,2015,2,5,0.149294643,0.131100274
456080,2015,2,5,0.140249207,0.123781706
456082,2015,2,5,0.099859389,0.081912822
456084,2015,2,5,0.056270943,0.057334668
456085,2015,2,5,0.095563171,0.091763588
456087,2015,2,5,0.107841849,0.085027006
456088,2015,2,5,0.079402227,0.063556091
456089,2015,2,5,0.096908481,0.084097044
456090,2015,2,5,0.059916262,0.050805219
456091,2015,2,5,0.128957999,0.114307431
456092,2015,2,5,0.229642502,0.250789831
456093,2015,2,5,0.078162866,0.070179802
456094,2015,2,5,0.077781299,0.062093268
456095,2015,2,5,0.086926337,0.087652809
456101,2015,2,5,0.152417094,0.133627603
456102,2015,2,5,0.057911038,0.042764319
456103,2015,2,5,0.10630127,0.090945505
456105,2015,2,5,0.107095829,0.103191792
456106,2015,2,5,0.109645309,0.118488467
456107,2015,2,5,0.115552207,0.098694109
456109,2015,2,5,0.114869131,0.09845453
456110,2015,2,5,0.083868756,0.075878948
457002,2015,2,5,0.188557704,0.159209734
457003,2015,2,5,0.183770182,0.156796226
457004,2015,2,5,0.07131177,0.063359179
457005,2015,2,5,0.089933983,0.094724797
457006,2015,2,5,0.066992498,0.046986721
457007,2015,2,5,NA,NA
457008,2015,2,5,0.122094867,0.10808239
457009,2015,2,5,0.114141667,0.093328343
457010,2015,2,5,0.044286933,0.03319944
457011,2015,2,5,0.112135038,0.107511244
457012,2015,2,5,0.065715194,0.054095007
457013,2015,2,5,0.077205035,0.054794344
457014,2015,2,5,0.205864018,0.200552585
457015,2015,2,5,0.073127854,0.064275487
457017,2015,2,5,0.059715678,0.054416314
457018,2015,2,5,0.157780055,0.12980776
457019,2015,2,5,0.129650061,0.118204113
457020,2015,2,5,0.057901152,0.053721143
457021,2015,2,5,0.086287643,0.071942551
457022,2015,2,5,0.125004001,0.137368005
457023,2015,2,5,0.058734956,0.061729413
457024,2015,2,5,0.071883673,0.06582194
457025,2015,2,5,0.096957723,0.086245233
457026,2015,2,5,0.191291059,0.193043416
457027,2015,2,5,0.084993186,0.078634897
457028,2015,2,5,0.234467717,0.209674076
457029,2015,2,5,0.059510446,0.057726082
457030,2015,2,5,0.169911606,0.164151051
457032,2015,2,5,0.121773991,0.112882267
457033,2015,2,5,0.081704166,0.083585559
457034,2015,2,5,0.122509948,0.107332021
457035,2015,2,5,0.167334084,0.13872716
457036,2015,2,5,0.091406867,0.060848721
457037,2015,2,5,0.146773702,0.129074287
457038,2015,2,5,0.111754234,0.085531427
457039,2015,2,5,0.061771533,0.04861612
457040,2015,2,5,0.054852595,0.048258167
457041,2015,2,5,0.066719689,0.057858212
457042,2015,2,5,0.146729419,0.138773662
457043,2015,2,5,0.095286546,0.091421163
457044,2015,2,5,0.065457868,0.045743475
457045,2015,2,5,0.108476587,0.098840819
457051,2015,2,5,0.102232545,0.085020608
457052,2015,2,5,0.143452429,0.134229247
457053,2015,2,5,0.147325858,0.116588334
457055,2015,2,5,0.113189786,0.098538168
457056,2015,2,5,0.155812693,0.141595473
457057,2015,2,5,0.056859624,0.047660809
457058,2015,2,5,0.112326704,0.100924722
457059,2015,2,5,0.105018166,0.098019227
455096,2015,2,6,0.144287968,0.248982758
455097,2015,2,6,0.099263175,0.164620135
455098,2015,2,6,0.171991604,0.247214971
455099,2015,2,6,0.101121304,0.161947671
455100,2015,2,6,0.07917305,0.100353942
455102,2015,2,6,0.13822401,0.243259065
455103,2015,2,6,NA,NA
455104,2015,2,6,0.136020563,0.215119241
455105,2015,2,6,0.05366119,0.087072814
455106,2015,2,6,0.107235372,0.191364511
455107,2015,2,6,0.040134643,0.042732331
455108,2015,2,6,0.099956814,0.185657834
455109,2015,2,6,0.132003839,0.215935784
455110,2015,2,6,0.103071061,0.195682084
456001,2015,2,6,0.067821865,0.116685857
456002,2015,2,6,0.187855539,0.238353553
456003,2015,2,6,0.087403025,0.143627002
456004,2015,2,6,0.081295156,0.130403766
456005,2015,2,6,0.068326039,0.08680485
456007,2015,2,6,0.134063701,0.176881779
456008,2015,2,6,0.129613881,0.193199112
456009,2015,2,6,0.085974494,0.144954246
456010,2015,2,6,0.080007067,0.118420872
456011,2015,2,6,0.160015974,0.247348513
456012,2015,2,6,0.156710728,0.207340063
456013,2015,2,6,0.17773863,0.259709551
456014,2015,2,6,0.08486928,0.142108728
456015,2015,2,6,0.055124114,0.057237152
456016,2015,2,6,0.089191265,0.109930093
456017,2015,2,6,0.092184354,0.126627205
456018,2015,2,6,0.097758886,0.155230009
456019,2015,2,6,0.071488207,0.095295516
456020,2015,2,6,0.086400549,0.124293536
456022,2015,2,6,0.090737408,0.166893741
456023,2015,2,6,0.033423683,0.03206141
456024,2015,2,6,0.096124054,0.14136621
456025,2015,2,6,0.073459955,0.131060566
456026,2015,2,6,0.104375934,0.159003747
456027,2015,2,6,0.080576525,0.124833547
456028,2015,2,6,0.089562588,0.123472133
456029,2015,2,6,0.144116229,0.251328041
456030,2015,2,6,0.044330155,0.064680948
456031,2015,2,6,0.090607073,0.154837769
456032,2015,2,6,0.046259377,0.057781636
456033,2015,2,6,0.090723795,0.125719228
456034,2015,2,6,0.081154291,0.09286128
456035,2015,2,6,0.096241791,0.142380599
456037,2015,2,6,0.036195835,0.047287038
456038,2015,2,6,0.072736774,0.125396322
456039,2015,2,6,0.033120118,0.039707888
456040,2015,2,6,0.054496824,0.066044024
456041,2015,2,6,0.075683173,0.141890958
456042,2015,2,6,0.067027677,0.087969752
456044,2015,2,6,0.056149795,0.076683519
456045,2015,2,6,0.130235953,0.247039972
456046,2015,2,6,0.07687961,0.11890109
456047,2015,2,6,0.115656939,0.164701651
456048,2015,2,6,0.058110724,0.062444321
456049,2015,2,6,0.104788937,0.142850197
456050,2015,2,6,0.058376252,0.074141988
456052,2015,2,6,0.061733652,0.073744501
456053,2015,2,6,0.150347545,0.239656891
456054,2015,2,6,0.066881308,0.095752036
456056,2015,2,6,0.075083847,0.110315827
456057,2015,2,6,0.06547378,0.08893068
456058,2015,2,6,0.102407538,0.157809697
456059,2015,2,6,0.045611878,0.060142303
456060,2015,2,6,0.066175592,0.079901545
456062,2015,2,6,0.088064768,0.120125008
456063,2015,2,6,0.077187949,0.096158782
456064,2015,2,6,0.098885831,0.104722061
456065,2015,2,6,NA,NA
456067,2015,2,6,0.031038489,0.033811322
456068,2015,2,6,0.065416502,0.081936936
456069,2015,2,6,0.041222308,0.059628709
456070,2015,2,6,0.138852313,0.197291076
456071,2015,2,6,0.045123736,0.057027272
456072,2015,2,6,0.051158219,0.082732072
456073,2015,2,6,0.073098622,0.112898641
456074,2015,2,6,0.073367503,0.114044049
456075,2015,2,6,0.070036811,0.055856887
456076,2015,2,6,0.098842576,0.142581617
456077,2015,2,6,0.116979637,0.166942472
456078,2015,2,6,0.066118,0.10238746
456079,2015,2,6,0.074219103,0.131100274
456080,2015,2,6,0.079992335,0.123781706
456082,2015,2,6,0.048396709,0.081912822
456084,2015,2,6,0.046606028,0.057334668
456085,2015,2,6,0.074813642,0.091763588
456087,2015,2,6,0.051742155,0.085027006
456088,2015,2,6,0.041954317,0.063556091
456089,2015,2,6,0.056128027,0.084097044
456090,2015,2,6,0.039054412,0.050805219
456091,2015,2,6,0.064646857,0.114307431
456092,2015,2,6,0.136881806,0.250789831
456093,2015,2,6,0.046325459,0.070179802
456094,2015,2,6,0.049653783,0.062093268
456095,2015,2,6,0.05781465,0.087652809
456101,2015,2,6,0.092764245,0.133627603
456102,2015,2,6,0.042209174,0.042764319
456103,2015,2,6,0.066108371,0.090945505
456105,2015,2,6,0.060088899,0.103191792
456106,2015,2,6,0.069540287,0.118488467
456107,2015,2,6,0.068972777,0.098694109
456109,2015,2,6,0.081019353,0.09845453
456110,2015,2,6,0.06123593,0.075878948
457002,2015,2,6,0.125200683,0.159209734
457003,2015,2,6,0.111801498,0.156796226
457004,2015,2,6,0.057978445,0.063359179
457005,2015,2,6,0.054335637,0.094724797
457006,2015,2,6,0.046693245,0.046986721
457007,2015,2,6,NA,NA
457008,2015,2,6,0.068984136,0.10808239
457009,2015,2,6,0.079646749,0.093328343
457010,2015,2,6,0.027739377,0.03319944
457011,2015,2,6,0.076567747,0.107511244
457012,2015,2,6,0.04389375,0.054095007
457013,2015,2,6,0.055352214,0.054794344
457014,2015,2,6,0.130988824,0.200552585
457015,2015,2,6,0.043779483,0.064275487
457017,2015,2,6,0.036949964,0.054416314
457018,2015,2,6,0.083946665,0.12980776
457019,2015,2,6,0.080762789,0.118204113
457020,2015,2,6,0.041403116,0.053721143
457021,2015,2,6,0.060419228,0.071942551
457022,2015,2,6,0.078571218,0.137368005
457023,2015,2,6,0.044319287,0.061729413
457024,2015,2,6,0.052829931,0.06582194
457025,2015,2,6,0.064234735,0.086245233
457026,2015,2,6,0.129282441,0.193043416
457027,2015,2,6,0.053180327,0.078634897
457028,2015,2,6,0.114126647,0.209674076
457029,2015,2,6,0.036717183,0.057726082
457030,2015,2,6,0.09463552,0.164151051
457032,2015,2,6,0.06126768,0.112882267
457033,2015,2,6,0.056445242,0.083585559
457034,2015,2,6,0.070039647,0.107332021
457035,2015,2,6,0.083106063,0.13872716
457036,2015,2,6,0.046978941,0.060848721
457037,2015,2,6,0.082765486,0.129074287
457038,2015,2,6,0.063948077,0.085531427
457039,2015,2,6,0.055480458,0.04861612
457040,2015,2,6,0.041266828,0.048258167
457041,2015,2,6,0.044343089,0.057858212
457042,2015,2,6,0.084782418,0.138773662
457043,2015,2,6,0.065085094,0.091421163
457044,2015,2,6,0.045521948,0.045743475
457045,2015,2,6,0.068946622,0.098840819
457051,2015,2,6,0.059480254,0.085020608
457052,2015,2,6,0.097097622,0.134229247
457053,2015,2,6,0.089550673,0.116588334
457055,2015,2,6,0.08217257,0.098538168
457056,2015,2,6,0.108253037,0.141595473
457057,2015,2,6,0.034469064,0.047660809
457058,2015,2,6,0.079495706,0.100924722
457059,2015,2,6,0.063671772,0.098019227
455096,2015,2,7,0.138577222,0.248982758
455097,2015,2,7,0.110493974,0.164620135
455098,2015,2,7,0.189235002,0.247214971
455099,2015,2,7,0.120299326,0.161947671
455100,2015,2,7,0.088745327,0.100353942
455102,2015,2,7,0.170151095,0.243259065
455103,2015,2,7,NA,NA
455104,2015,2,7,0.173342683,0.215119241
455105,2015,2,7,0.068761484,0.087072814
455106,2015,2,7,0.105755663,0.191364511
455107,2015,2,7,0.053856674,0.042732331
455108,2015,2,7,0.103208155,0.185657834
455109,2015,2,7,0.158466761,0.215935784
455110,2015,2,7,0.129691239,0.195682084
456001,2015,2,7,0.084448654,0.116685857
456002,2015,2,7,0.169335989,0.238353553
456003,2015,2,7,0.112473744,0.143627002
456004,2015,2,7,0.095541652,0.130403766
456005,2015,2,7,0.081906606,0.08680485
456007,2015,2,7,0.148168358,0.176881779
456008,2015,2,7,0.145007265,0.193199112
456009,2015,2,7,0.08672076,0.144954246
456010,2015,2,7,0.081753345,0.118420872
456011,2015,2,7,0.161561164,0.247348513
456012,2015,2,7,0.134120014,0.207340063
456013,2015,2,7,0.177723263,0.259709551
456014,2015,2,7,0.099536959,0.142108728
456015,2015,2,7,0.082710352,0.057237152
456016,2015,2,7,0.110416491,0.109930093
456017,2015,2,7,0.113335228,0.126627205
456018,2015,2,7,0.089438657,0.155230009
456019,2015,2,7,0.081823072,0.095295516
456020,2015,2,7,0.097642078,0.124293536
456022,2015,2,7,0.092347147,0.166893741
456023,2015,2,7,0.04920051,0.03206141
456024,2015,2,7,0.109299715,0.14136621
456025,2015,2,7,0.086275518,0.131060566
456026,2015,2,7,0.113433801,0.159003747
456027,2015,2,7,0.090978754,0.124833547
456028,2015,2,7,0.100312848,0.123472133
456029,2015,2,7,0.168590244,0.251328041
456030,2015,2,7,0.053142818,0.064680948
456031,2015,2,7,0.101019885,0.154837769
456032,2015,2,7,0.056639554,0.057781636
456033,2015,2,7,0.102323827,0.125719228
456034,2015,2,7,0.096103619,0.09286128
456035,2015,2,7,0.125222864,0.142380599
456037,2015,2,7,0.037300701,0.047287038
456038,2015,2,7,0.079378714,0.125396322
456039,2015,2,7,0.035909673,0.039707888
456040,2015,2,7,0.067696497,0.066044024
456041,2015,2,7,0.07210219,0.141890958
456042,2015,2,7,0.081654561,0.087969752
456044,2015,2,7,0.066897338,0.076683519
456045,2015,2,7,0.156898001,0.247039972
456046,2015,2,7,0.09444382,0.11890109
456047,2015,2,7,0.156358058,0.164701651
456048,2015,2,7,0.069420471,0.062444321
456049,2015,2,7,0.126229613,0.142850197
456050,2015,2,7,0.059978451,0.074141988
456052,2015,2,7,0.070039596,0.073744501
456053,2015,2,7,0.154889425,0.239656891
456054,2015,2,7,0.087815877,0.095752036
456056,2015,2,7,0.096848568,0.110315827
456057,2015,2,7,0.075516706,0.08893068
456058,2015,2,7,0.125297393,0.157809697
456059,2015,2,7,0.054509802,0.060142303
456060,2015,2,7,0.074643198,0.079901545
456062,2015,2,7,0.105830816,0.120125008
456063,2015,2,7,0.078359611,0.096158782
456064,2015,2,7,0.099733932,0.104722061
456065,2015,2,7,NA,NA
456067,2015,2,7,0.045835376,0.033811322
456068,2015,2,7,0.081277283,0.081936936
456069,2015,2,7,0.03990231,0.059628709
456070,2015,2,7,0.143490554,0.197291076
456071,2015,2,7,0.051835536,0.057027272
456072,2015,2,7,0.056799624,0.082732072
456073,2015,2,7,0.090549373,0.112898641
456074,2015,2,7,0.096769614,0.114044049
456075,2015,2,7,0.102783528,0.055856887
456076,2015,2,7,0.144114711,0.142581617
456077,2015,2,7,0.112889678,0.166942472
456078,2015,2,7,0.077646168,0.10238746
456079,2015,2,7,0.086380553,0.131100274
456080,2015,2,7,0.099136773,0.123781706
456082,2015,2,7,0.064607247,0.081912822
456084,2015,2,7,0.047326018,0.057334668
456085,2015,2,7,0.071976569,0.091763588
456087,2015,2,7,0.052898061,0.085027006
456088,2015,2,7,0.052080978,0.063556091
456089,2015,2,7,0.069923252,0.084097044
456090,2015,2,7,0.048992363,0.050805219
456091,2015,2,7,0.063099482,0.114307431
456092,2015,2,7,0.153955506,0.250789831
456093,2015,2,7,0.055125394,0.070179802
456094,2015,2,7,0.062528683,0.062093268
456095,2015,2,7,0.075431321,0.087652809
456101,2015,2,7,0.11597212,0.133627603
456102,2015,2,7,0.048850928,0.042764319
456103,2015,2,7,0.071739052,0.090945505
456105,2015,2,7,0.063619523,0.103191792
456106,2015,2,7,0.080773743,0.118488467
456107,2015,2,7,0.084278088,0.098694109
456109,2015,2,7,0.087305498,0.09845453
456110,2015,2,7,0.079624505,0.075878948
457002,2015,2,7,0.142238151,0.159209734
457003,2015,2,7,0.14085157,0.156796226
457004,2015,2,7,0.071570636,0.063359179
457005,2015,2,7,0.09214465,0.094724797
457006,2015,2,7,0.057658441,0.046986721
457007,2015,2,7,NA,NA
457008,2015,2,7,0.081583751,0.10808239
457009,2015,2,7,0.08453092,0.093328343
457010,2015,2,7,0.041191632,0.03319944
457011,2015,2,7,0.09920284,0.107511244
457012,2015,2,7,0.058304744,0.054095007
457013,2015,2,7,0.077119974,0.054794344
457014,2015,2,7,0.17378881,0.200552585
457015,2015,2,7,0.051080074,0.064275487
457017,2015,2,7,0.046886722,0.054416314
457018,2015,2,7,0.10750421,0.12980776
457019,2015,2,7,0.094857711,0.118204113
457020,2015,2,7,0.059610941,0.053721143
457021,2015,2,7,0.076253378,0.071942551
457022,2015,2,7,0.091203813,0.137368005
457023,2015,2,7,0.058823909,0.061729413
457024,2015,2,7,0.072530484,0.06582194
457025,2015,2,7,0.073023273,0.086245233
457026,2015,2,7,0.1388469,0.193043416
457027,2015,2,7,0.063087866,0.078634897
457028,2015,2,7,0.071436163,0.209674076
457029,2015,2,7,0.04474415,0.057726082
457030,2015,2,7,0.10129091,0.164151051
457032,2015,2,7,0.067296328,0.112882267
457033,2015,2,7,0.084094465,0.083585559
457034,2015,2,7,0.090035776,0.107332021
457035,2015,2,7,0.111629994,0.13872716
457036,2015,2,7,0.067438464,0.060848721
457037,2015,2,7,0.107839505,0.129074287
457038,2015,2,7,0.072157045,0.085531427
457039,2015,2,7,0.068789596,0.04861612
457040,2015,2,7,0.048599967,0.048258167
457041,2015,2,7,0.068078476,0.057858212
457042,2015,2,7,0.095208999,0.138773662
457043,2015,2,7,0.072348913,0.091421163
457044,2015,2,7,0.060891936,0.045743475
457045,2015,2,7,0.074595723,0.098840819
457051,2015,2,7,0.072739044,0.085020608
457052,2015,2,7,0.098181779,0.134229247
457053,2015,2,7,0.104172568,0.116588334
457055,2015,2,7,0.102291914,0.098538168
457056,2015,2,7,0.124569629,0.141595473
457057,2015,2,7,0.038853096,0.047660809
457058,2015,2,7,0.090500318,0.100924722
457059,2015,2,7,0.073134093,0.098019227
455096,2016,1,4,0.110238163,0.087091855
455097,2016,1,4,0.103115838,0.091138685
455098,2016,1,4,0.225647331,0.22277961
455099,2016,1,4,0.08959233,0.076420384
455100,2016,1,4,0.067254373,0.036683593
455102,2016,1,4,0.103532761,0.087267739
455103,2016,1,4,NA,NA
455104,2016,1,4,0.119969378,0.109306238
455105,2016,1,4,0.084081463,0.075157292
455106,2016,1,4,0.133875777,0.120731287
455107,2016,1,4,0.052559919,0.045585753
455108,2016,1,4,0.080969722,0.068965985
455109,2016,1,4,0.187802761,0.17135238
455110,2016,1,4,0.133684075,0.100612407
456001,2016,1,4,0.121011108,0.093628598
456002,2016,1,4,0.20416847,0.166875697
456003,2016,1,4,0.160368991,0.131838089
456004,2016,1,4,0.11936295,0.091450055
456005,2016,1,4,0.087197579,0.05388175
456007,2016,1,4,0.121191015,0.096715357
456008,2016,1,4,0.106328325,0.081483732
456009,2016,1,4,0.140380988,0.106947457
456010,2016,1,4,0.081492024,0.059598525
456011,2016,1,4,0.197464948,0.173365496
456012,2016,1,4,0.154782497,0.133774705
456013,2016,1,4,0.275888008,0.24141882
456014,2016,1,4,0.107353494,0.08050003
456015,2016,1,4,0.115295808,0.030668855
456016,2016,1,4,0.116058577,0.08328874
456017,2016,1,4,0.104496582,0.08170861
456018,2016,1,4,0.052297803,0.037306973
456019,2016,1,4,0.137869679,0.10897455
456020,2016,1,4,0.143216189,0.109840093
456022,2016,1,4,0.072681174,0.056001493
456023,2016,1,4,0.034666235,0.021915071
456024,2016,1,4,0.127073513,0.092707796
456025,2016,1,4,0.140887929,0.120700568
456026,2016,1,4,0.101716172,0.092043117
456027,2016,1,4,0.123893306,0.120699097
456028,2016,1,4,NA,NA
456029,2016,1,4,0.198156897,0.185485091
456030,2016,1,4,0.085451599,0.076838533
456031,2016,1,4,NA,NA
456032,2016,1,4,0.072339207,0.063169283
456033,2016,1,4,0.233615076,0.216714933
456034,2016,1,4,0.101812795,0.095586482
456035,2016,1,4,0.135197402,0.121473793
456037,2016,1,4,0.05181996,0.037275144
456038,2016,1,4,0.127437823,0.107229534
456039,2016,1,4,0.062219646,0.043704112
456040,2016,1,4,0.148961105,0.129751054
456041,2016,1,4,0.102278774,0.092178875
456042,2016,1,4,0.08006353,0.070375086
456044,2016,1,4,0.081544921,0.071588551
456045,2016,1,4,0.19520172,0.182924321
456046,2016,1,4,NA,NA
456047,2016,1,4,0.122287754,0.103078833
456048,2016,1,4,0.083563388,0.059896227
456049,2016,1,4,0.112614462,0.092503739
456050,2016,1,4,0.108533748,0.081390882
456052,2016,1,4,0.076527884,0.06071906
456053,2016,1,4,0.166062621,0.135499258
456054,2016,1,4,0.125718961,0.096414408
456056,2016,1,4,0.100445637,0.080029315
456057,2016,1,4,0.085822345,0.057088984
456058,2016,1,4,0.161561571,0.127693948
456059,2016,1,4,0.064516181,0.04426422
456060,2016,1,4,0.081721342,0.05991106
456062,2016,1,4,0.143820539,0.129379982
456063,2016,1,4,0.09259689,0.069847588
456064,2016,1,4,0.072892341,0.05864617
456065,2016,1,4,NA,NA
456067,2016,1,4,0.046414221,0.03190616
456068,2016,1,4,0.114017358,0.097269026
456069,2016,1,4,NA,NA
456070,2016,1,4,0.107400652,0.088753101
456071,2016,1,4,0.072613833,0.059794933
456072,2016,1,4,0.073249553,0.064748467
456073,2016,1,4,0.168512362,0.147542788
456074,2016,1,4,0.053028621,0.045756394
456075,2016,1,4,0.078811454,0.063392055
456076,2016,1,4,0.104097923,0.083189362
456077,2016,1,4,0.167517511,0.146187241
456078,2016,1,4,0.099350158,0.083913699
456079,2016,1,4,NA,NA
456080,2016,1,4,0.072068852,0.065361428
456082,2016,1,4,0.076257457,0.058263319
456084,2016,1,4,0.070091078,0.05882017
456085,2016,1,4,0.101627194,0.094716043
456087,2016,1,4,NA,NA
456088,2016,1,4,0.100256742,0.078702023
456089,2016,1,4,0.063727512,0.049300073
456090,2016,1,4,0.147797674,0.126581261
456091,2016,1,4,0.229282516,0.205315171
456092,2016,1,4,NA,NA
456093,2016,1,4,0.102589992,0.081054448
456094,2016,1,4,0.082361341,0.055980392
456095,2016,1,4,0.066537425,0.048363891
456101,2016,1,4,0.164638807,0.129370939
456102,2016,1,4,0.045256493,0.031581901
456103,2016,1,4,0.159929873,0.140222854
456105,2016,1,4,0.099464291,0.08782705
456106,2016,1,4,0.092544972,0.071665339
456107,2016,1,4,0.061585078,0.046600708
456109,2016,1,4,0.159717805,0.130219942
456110,2016,1,4,0.146476487,0.111533273
457002,2016,1,4,0.09969574,0.085594512
457003,2016,1,4,0.094184426,0.073095005
457004,2016,1,4,0.103334249,0.071210733
457005,2016,1,4,0.070777079,0.057051503
457006,2016,1,4,0.075353663,0.044988699
457007,2016,1,4,NA,NA
457008,2016,1,4,0.076206155,0.068375795
457009,2016,1,4,0.079641503,0.065233042
457010,2016,1,4,0.042158377,0.028224719
457011,2016,1,4,0.056464982,0.048565281
457012,2016,1,4,0.073718709,0.051395308
457013,2016,1,4,0.068252057,0.048932953
457014,2016,1,4,0.154981438,0.138084366
457015,2016,1,4,0.127641743,0.106193616
457017,2016,1,4,0.05403406,0.039020131
457018,2016,1,4,0.126687982,0.102118989
457019,2016,1,4,0.128401276,0.094991736
457020,2016,1,4,0.071239301,0.052641824
457021,2016,1,4,0.092594859,0.074235692
457022,2016,1,4,0.081302609,0.057424014
457023,2016,1,4,0.05577955,0.041364017
457024,2016,1,4,0.088972661,0.06376297
457025,2016,1,4,0.066091052,0.059782772
457026,2016,1,4,0.171394267,0.151314604
457027,2016,1,4,0.07588199,0.052133712
457028,2016,1,4,0.113437166,0.093299235
457029,2016,1,4,0.075218773,0.045206074
457030,2016,1,4,0.134034145,0.106960056
457032,2016,1,4,0.115646076,0.097084703
457033,2016,1,4,0.18300147,0.151967461
457034,2016,1,4,0.097622391,0.071071479
457035,2016,1,4,0.116296813,0.097119677
457036,2016,1,4,0.084878121,0.069985166
457037,2016,1,4,0.131374545,0.114993103
457038,2016,1,4,0.120276193,0.089130794
457039,2016,1,4,0.060668772,0.047608437
457040,2016,1,4,0.058003638,0.047383761
457041,2016,1,4,0.093828965,0.067918739
457042,2016,1,4,NA,NA
457043,2016,1,4,0.083469218,0.065466494
457044,2016,1,4,0.070213177,0.050542361
457045,2016,1,4,0.104269597,0.080664025
457051,2016,1,4,0.111544206,0.090153686
457052,2016,1,4,0.100463021,0.071836126
457053,2016,1,4,0.158915889,0.12847596
457055,2016,1,4,0.130577131,0.105752872
457056,2016,1,4,0.176795832,0.138637704
457057,2016,1,4,0.06283384,0.055457178
457058,2016,1,4,0.143283897,0.114343397
457059,2016,1,4,0.221915428,0.186823986
455096,2016,1,5,0.106203191,0.087091855
455097,2016,1,5,0.108970365,0.091138685
455098,2016,1,5,0.251399969,0.22277961
455099,2016,1,5,0.094119239,0.076420384
455100,2016,1,5,0.081662708,0.036683593
455102,2016,1,5,0.112508553,0.087267739
455103,2016,1,5,NA,NA
455104,2016,1,5,0.119401985,0.109306238
455105,2016,1,5,0.080535251,0.075157292
455106,2016,1,5,0.127602959,0.120731287
455107,2016,1,5,0.057177098,0.045585753
455108,2016,1,5,0.074063118,0.068965985
455109,2016,1,5,0.185071825,0.17135238
455110,2016,1,5,0.139987872,0.100612407
456001,2016,1,5,0.12688572,0.093628598
456002,2016,1,5,0.210107472,0.166875697
456003,2016,1,5,0.181514701,0.131838089
456004,2016,1,5,0.125608581,0.091450055
456005,2016,1,5,0.097794009,0.05388175
456007,2016,1,5,0.129516758,0.096715357
456008,2016,1,5,0.115136548,0.081483732
456009,2016,1,5,0.165915057,0.106947457
456010,2016,1,5,0.088742607,0.059598525
456011,2016,1,5,0.20952157,0.173365496
456012,2016,1,5,0.178363755,0.133774705
456013,2016,1,5,0.293846367,0.24141882
456014,2016,1,5,0.126151847,0.08050003
456015,2016,1,5,0.146239767,0.030668855
456016,2016,1,5,0.127823459,0.08328874
456017,2016,1,5,0.124735954,0.08170861
456018,2016,1,5,0.06727246,0.037306973
456019,2016,1,5,0.159522079,0.10897455
456020,2016,1,5,0.150396672,0.109840093
456022,2016,1,5,0.082581728,0.056001493
456023,2016,1,5,0.042861871,0.021915071
456024,2016,1,5,0.147606165,0.092707796
456025,2016,1,5,0.145977276,0.120700568
456026,2016,1,5,0.109279923,0.092043117
456027,2016,1,5,0.140571124,0.120699097
456028,2016,1,5,NA,NA
456029,2016,1,5,0.196874732,0.185485091
456030,2016,1,5,0.100653673,0.076838533
456031,2016,1,5,NA,NA
456032,2016,1,5,0.08178605,0.063169283
456033,2016,1,5,0.23387492,0.216714933
456034,2016,1,5,0.105550704,0.095586482
456035,2016,1,5,0.144093954,0.121473793
456037,2016,1,5,0.066152941,0.037275144
456038,2016,1,5,0.132196854,0.107229534
456039,2016,1,5,0.065381787,0.043704112
456040,2016,1,5,0.148263763,0.129751054
456041,2016,1,5,0.116442389,0.092178875
456042,2016,1,5,0.09454941,0.070375086
456044,2016,1,5,0.089941892,0.071588551
456045,2016,1,5,0.190163613,0.182924321
456046,2016,1,5,NA,NA
456047,2016,1,5,0.131479583,0.103078833
456048,2016,1,5,0.085657309,0.059896227
456049,2016,1,5,0.118748848,0.092503739
456050,2016,1,5,0.108900518,0.081390882
456052,2016,1,5,0.086239338,0.06071906
456053,2016,1,5,0.168819454,0.135499258
456054,2016,1,5,0.122220089,0.096414408
456056,2016,1,5,0.104343121,0.080029315
456057,2016,1,5,0.093994173,0.057088984
456058,2016,1,5,0.155703611,0.127693948
456059,2016,1,5,0.068213418,0.04426422
456060,2016,1,5,0.087000956,0.05991106
456062,2016,1,5,0.161334116,0.129379982
456063,2016,1,5,0.108915977,0.069847588
456064,2016,1,5,0.086307729,0.05864617
456065,2016,1,5,NA,NA
456067,2016,1,5,0.05531896,0.03190616
456068,2016,1,5,0.131605158,0.097269026
456069,2016,1,5,NA,NA
456070,2016,1,5,0.118126897,0.088753101
456071,2016,1,5,0.080747719,0.059794933
456072,2016,1,5,0.074113766,0.064748467
456073,2016,1,5,0.176714963,0.147542788
456074,2016,1,5,0.058268051,0.045756394
456075,2016,1,5,0.086916853,0.063392055
456076,2016,1,5,0.107951724,0.083189362
456077,2016,1,5,0.186865126,0.146187241
456078,2016,1,5,0.107909565,0.083913699
456079,2016,1,5,NA,NA
456080,2016,1,5,0.08906567,0.065361428
456082,2016,1,5,0.081952812,0.058263319
456084,2016,1,5,0.072321593,0.05882017
456085,2016,1,5,0.104573493,0.094716043
456087,2016,1,5,NA,NA
456088,2016,1,5,0.090980033,0.078702023
456089,2016,1,5,0.065190635,0.049300073
456090,2016,1,5,0.14608694,0.126581261
456091,2016,1,5,0.224148672,0.205315171
456092,2016,1,5,NA,NA
456093,2016,1,5,0.102256722,0.081054448
456094,2016,1,5,0.090712786,0.055980392
456095,2016,1,5,0.067765221,0.048363891
456101,2016,1,5,0.17578457,0.129370939
456102,2016,1,5,0.052151961,0.031581901
456103,2016,1,5,0.151620313,0.140222854
456105,2016,1,5,0.105072818,0.08782705
456106,2016,1,5,0.100226713,0.071665339
456107,2016,1,5,0.063768685,0.046600708
456109,2016,1,5,0.17255923,0.130219942
456110,2016,1,5,0.148206767,0.111533273
457002,2016,1,5,0.104583755,0.085594512
457003,2016,1,5,0.10246143,0.073095005
457004,2016,1,5,0.122866003,0.071210733
457005,2016,1,5,0.088471853,0.057051503
457006,2016,1,5,0.098661988,0.044988699
457007,2016,1,5,NA,NA
457008,2016,1,5,0.087357122,0.068375795
457009,2016,1,5,0.111132989,0.065233042
457010,2016,1,5,0.057284667,0.028224719
457011,2016,1,5,0.063445466,0.048565281
457012,2016,1,5,0.086072838,0.051395308
457013,2016,1,5,0.102029557,0.048932953
457014,2016,1,5,0.169916717,0.138084366
457015,2016,1,5,0.142014355,0.106193616
457017,2016,1,5,0.062570126,0.039020131
457018,2016,1,5,0.170517685,0.102118989
457019,2016,1,5,0.144196548,0.094991736
457020,2016,1,5,0.081278035,0.052641824
457021,2016,1,5,0.106155916,0.074235692
457022,2016,1,5,0.09313459,0.057424014
457023,2016,1,5,0.068966336,0.041364017
457024,2016,1,5,0.10042725,0.06376297
457025,2016,1,5,0.080475815,0.059782772
457026,2016,1,5,0.182667356,0.151314604
457027,2016,1,5,0.090814517,0.052133712
457028,2016,1,5,0.13070042,0.093299235
457029,2016,1,5,0.084638456,0.045206074
457030,2016,1,5,0.13502373,0.106960056
457032,2016,1,5,0.127452687,0.097084703
457033,2016,1,5,0.189759367,0.151967461
457034,2016,1,5,0.112696469,0.071071479
457035,2016,1,5,0.132077664,0.097119677
457036,2016,1,5,0.096291535,0.069985166
457037,2016,1,5,0.155589448,0.114993103
457038,2016,1,5,0.150466264,0.089130794
457039,2016,1,5,0.071082507,0.047608437
457040,2016,1,5,0.063320732,0.047383761
457041,2016,1,5,0.092805877,0.067918739
457042,2016,1,5,NA,NA
457043,2016,1,5,0.087946295,0.065466494
457044,2016,1,5,0.076336142,0.050542361
457045,2016,1,5,0.098489762,0.080664025
457051,2016,1,5,0.125678874,0.090153686
457052,2016,1,5,0.127087463,0.071836126
457053,2016,1,5,0.176696191,0.12847596
457055,2016,1,5,0.154620726,0.105752872
457056,2016,1,5,0.190386941,0.138637704
457057,2016,1,5,0.072122572,0.055457178
457058,2016,1,5,0.156554294,0.114343397
457059,2016,1,5,0.234257218,0.186823986
455096,2016,1,6,0.119603098,0.087091855
455097,2016,1,6,0.109501997,0.091138685
455098,2016,1,6,0.227984325,0.22277961
455099,2016,1,6,0.103499354,0.076420384
455100,2016,1,6,0.097766753,0.036683593
455102,2016,1,6,0.112367873,0.087267739
455103,2016,1,6,NA,NA
455104,2016,1,6,0.122387052,0.109306238
455105,2016,1,6,0.079774562,0.075157292
455106,2016,1,6,0.136866671,0.120731287
455107,2016,1,6,0.057496988,0.045585753
455108,2016,1,6,0.07501557,0.068965985
455109,2016,1,6,0.185546423,0.17135238
455110,2016,1,6,0.146500429,0.100612407
456001,2016,1,6,0.115828291,0.093628598
456002,2016,1,6,0.21123082,0.166875697
456003,2016,1,6,0.175959375,0.131838089
456004,2016,1,6,0.120219201,0.091450055
456005,2016,1,6,0.102652984,0.05388175
456007,2016,1,6,0.122256651,0.096715357
456008,2016,1,6,0.129964537,0.081483732
456009,2016,1,6,0.141927683,0.106947457
456010,2016,1,6,0.084066896,0.059598525
456011,2016,1,6,0.213062455,0.173365496
456012,2016,1,6,0.171061069,0.133774705
456013,2016,1,6,0.277142555,0.24141882
456014,2016,1,6,0.120379676,0.08050003
456015,2016,1,6,0.163235656,0.030668855
456016,2016,1,6,0.115521563,0.08328874
456017,2016,1,6,0.117508962,0.08170861
456018,2016,1,6,0.058214826,0.037306973
456019,2016,1,6,0.143869824,0.10897455
456020,2016,1,6,0.154175947,0.109840093
456022,2016,1,6,0.09426448,0.056001493
456023,2016,1,6,0.046212665,0.021915071
456024,2016,1,6,0.145622047,0.092707796
456025,2016,1,6,0.14349326,0.120700568
456026,2016,1,6,0.106094104,0.092043117
456027,2016,1,6,0.127590542,0.120699097
456028,2016,1,6,NA,NA
456029,2016,1,6,0.196049741,0.185485091
456030,2016,1,6,0.093371238,0.076838533
456031,2016,1,6,NA,NA
456032,2016,1,6,0.081959661,0.063169283
456033,2016,1,6,0.234244586,0.216714933
456034,2016,1,6,0.108377489,0.095586482
456035,2016,1,6,0.135830895,0.121473793
456037,2016,1,6,0.069731745,0.037275144
456038,2016,1,6,0.138749516,0.107229534
456039,2016,1,6,0.070015836,0.043704112
456040,2016,1,6,0.16495185,0.129751054
456041,2016,1,6,0.114518478,0.092178875
456042,2016,1,6,0.088411128,0.070375086
456044,2016,1,6,0.079534709,0.071588551
456045,2016,1,6,0.194855658,0.182924321
456046,2016,1,6,NA,NA
456047,2016,1,6,0.123759179,0.103078833
456048,2016,1,6,0.082547642,0.059896227
456049,2016,1,6,0.119915382,0.092503739
456050,2016,1,6,0.116177604,0.081390882
456052,2016,1,6,0.081386211,0.06071906
456053,2016,1,6,0.190822419,0.135499258
456054,2016,1,6,0.117989102,0.096414408
456056,2016,1,6,0.106792923,0.080029315
456057,2016,1,6,0.096261968,0.057088984
456058,2016,1,6,0.162071861,0.127693948
456059,2016,1,6,0.069598713,0.04426422
456060,2016,1,6,0.085020651,0.05991106
456062,2016,1,6,0.141163862,0.129379982
456063,2016,1,6,0.101920204,0.069847588
456064,2016,1,6,0.070461223,0.05864617
456065,2016,1,6,NA,NA
456067,2016,1,6,0.04787238,0.03190616
456068,2016,1,6,0.117247905,0.097269026
456069,2016,1,6,NA,NA
456070,2016,1,6,0.113278057,0.088753101
456071,2016,1,6,0.073751869,0.059794933
456072,2016,1,6,0.072346809,0.064748467
456073,2016,1,6,0.167471716,0.147542788
456074,2016,1,6,0.060850757,0.045756394
456075,2016,1,6,0.080977656,0.063392055
456076,2016,1,6,0.114673094,0.083189362
456077,2016,1,6,0.191306136,0.146187241
456078,2016,1,6,0.112580165,0.083913699
456079,2016,1,6,NA,NA
456080,2016,1,6,0.0919333,0.065361428
456082,2016,1,6,0.087013875,0.058263319
456084,2016,1,6,0.077378724,0.05882017
456085,2016,1,6,0.105050282,0.094716043
456087,2016,1,6,NA,NA
456088,2016,1,6,0.098567632,0.078702023
456089,2016,1,6,0.066962565,0.049300073
456090,2016,1,6,0.145932687,0.126581261
456091,2016,1,6,0.238867992,0.205315171
456092,2016,1,6,NA,NA
456093,2016,1,6,0.095813852,0.081054448
456094,2016,1,6,0.091227994,0.055980392
456095,2016,1,6,0.065233068,0.048363891
456101,2016,1,6,0.156140766,0.129370939
456102,2016,1,6,0.059218476,0.031581901
456103,2016,1,6,0.151939961,0.140222854
456105,2016,1,6,0.103026663,0.08782705
456106,2016,1,6,0.08920626,0.071665339
456107,2016,1,6,0.061755021,0.046600708
456109,2016,1,6,0.178706127,0.130219942
456110,2016,1,6,0.153009664,0.111533273
457002,2016,1,6,0.108169657,0.085594512
457003,2016,1,6,0.103360496,0.073095005
457004,2016,1,6,0.126215809,0.071210733
457005,2016,1,6,0.088802988,0.057051503
457006,2016,1,6,0.094118591,0.044988699
457007,2016,1,6,NA,NA
457008,2016,1,6,0.080707205,0.068375795
457009,2016,1,6,0.103323203,0.065233042
457010,2016,1,6,0.057753788,0.028224719
457011,2016,1,6,0.062871043,0.048565281
457012,2016,1,6,0.082314806,0.051395308
457013,2016,1,6,0.098706746,0.048932953
457014,2016,1,6,0.162157079,0.138084366
457015,2016,1,6,0.131612093,0.106193616
457017,2016,1,6,0.061964442,0.039020131
457018,2016,1,6,0.13501365,0.102118989
457019,2016,1,6,0.131449376,0.094991736
457020,2016,1,6,0.073956985,0.052641824
457021,2016,1,6,0.092012979,0.074235692
457022,2016,1,6,0.093688925,0.057424014
457023,2016,1,6,0.071011653,0.041364017
457024,2016,1,6,0.087775154,0.06376297
457025,2016,1,6,0.07317011,0.059782772
457026,2016,1,6,0.190938889,0.151314604
457027,2016,1,6,0.093706224,0.052133712
457028,2016,1,6,0.12480425,0.093299235
457029,2016,1,6,0.088000764,0.045206074
457030,2016,1,6,0.133198611,0.106960056
457032,2016,1,6,0.125512352,0.097084703
457033,2016,1,6,0.178303762,0.151967461
457034,2016,1,6,0.115301591,0.071071479
457035,2016,1,6,0.124033583,0.097119677
457036,2016,1,6,0.087852722,0.069985166
457037,2016,1,6,0.146314175,0.114993103
457038,2016,1,6,0.145772855,0.089130794
457039,2016,1,6,0.070589612,0.047608437
457040,2016,1,6,0.063511114,0.047383761
457041,2016,1,6,0.104379444,0.067918739
457042,2016,1,6,NA,NA
457043,2016,1,6,0.087322327,0.065466494
457044,2016,1,6,0.08120378,0.050542361
457045,2016,1,6,0.107564843,0.080664025
457051,2016,1,6,0.131479953,0.090153686
457052,2016,1,6,0.141432894,0.071836126
457053,2016,1,6,0.178866337,0.12847596
457055,2016,1,6,0.153362636,0.105752872
457056,2016,1,6,0.181727719,0.138637704
457057,2016,1,6,0.068149919,0.055457178
457058,2016,1,6,0.152314526,0.114343397
457059,2016,1,6,0.239191666,0.186823986
455096,2016,1,7,0.104949958,0.087091855
455097,2016,1,7,0.106846117,0.091138685
455098,2016,1,7,0.22144542,0.22277961
455099,2016,1,7,0.100167312,0.076420384
455100,2016,1,7,0.106195409,0.036683593
455102,2016,1,7,0.106189447,0.087267739
455103,2016,1,7,NA,NA
455104,2016,1,7,0.121948272,0.109306238
455105,2016,1,7,0.068653396,0.075157292
455106,2016,1,7,0.127781246,0.120731287
455107,2016,1,7,0.05057844,0.045585753
455108,2016,1,7,0.073075153,0.068965985
455109,2016,1,7,0.179035537,0.17135238
455110,2016,1,7,0.134630827,0.100612407
456001,2016,1,7,0.102060184,0.093628598
456002,2016,1,7,0.19957228,0.166875697
456003,2016,1,7,0.183074305,0.131838089
456004,2016,1,7,0.1198515,0.091450055
456005,2016,1,7,0.10520567,0.05388175
456007,2016,1,7,0.119536171,0.096715357
456008,2016,1,7,0.133667287,0.081483732
456009,2016,1,7,0.150699248,0.106947457
456010,2016,1,7,0.089323987,0.059598525
456011,2016,1,7,0.205387346,0.173365496
456012,2016,1,7,0.172239286,0.133774705
456013,2016,1,7,0.28857198,0.24141882
456014,2016,1,7,0.118842017,0.08050003
456015,2016,1,7,0.196694629,0.030668855
456016,2016,1,7,0.12996822,0.08328874
456017,2016,1,7,0.126654546,0.08170861
456018,2016,1,7,0.06634266,0.037306973
456019,2016,1,7,0.142563863,0.10897455
456020,2016,1,7,0.144361878,0.109840093
456022,2016,1,7,0.076063328,0.056001493
456023,2016,1,7,0.048704173,0.021915071
456024,2016,1,7,0.131767193,0.092707796
456025,2016,1,7,0.126883166,0.120700568
456026,2016,1,7,0.098359347,0.092043117
456027,2016,1,7,0.113820816,0.120699097
456028,2016,1,7,NA,NA
456029,2016,1,7,0.194692392,0.185485091
456030,2016,1,7,0.090315394,0.076838533
456031,2016,1,7,NA,NA
456032,2016,1,7,0.072979676,0.063169283
456033,2016,1,7,0.226314621,0.216714933
456034,2016,1,7,0.110371242,0.095586482
456035,2016,1,7,0.141328947,0.121473793
456037,2016,1,7,0.057777714,0.037275144
456038,2016,1,7,0.120174497,0.107229534
456039,2016,1,7,0.065187504,0.043704112
456040,2016,1,7,0.148794121,0.129751054
456041,2016,1,7,0.102952391,0.092178875
456042,2016,1,7,0.09019488,0.070375086
456044,2016,1,7,0.079909387,0.071588551
456045,2016,1,7,0.183972281,0.182924321
456046,2016,1,7,NA,NA
456047,2016,1,7,0.125043134,0.103078833
456048,2016,1,7,0.075557992,0.059896227
456049,2016,1,7,0.114203028,0.092503739
456050,2016,1,7,0.115072279,0.081390882
456052,2016,1,7,0.08215317,0.06071906
456053,2016,1,7,0.170482368,0.135499258
456054,2016,1,7,0.119632893,0.096414408
456056,2016,1,7,0.103804158,0.080029315
456057,2016,1,7,0.106081375,0.057088984
456058,2016,1,7,0.161554919,0.127693948
456059,2016,1,7,0.070257678,0.04426422
456060,2016,1,7,0.087434563,0.05991106
456062,2016,1,7,0.122666786,0.129379982
456063,2016,1,7,0.109659607,0.069847588
456064,2016,1,7,0.072467664,0.05864617
456065,2016,1,7,NA,NA
456067,2016,1,7,0.045485242,0.03190616
456068,2016,1,7,0.119864887,0.097269026
456069,2016,1,7,NA,NA
456070,2016,1,7,0.115395565,0.088753101
456071,2016,1,7,0.074783594,0.059794933
456072,2016,1,7,0.071580601,0.064748467
456073,2016,1,7,0.16895833,0.147542788
456074,2016,1,7,0.058768571,0.045756394
456075,2016,1,7,0.082521997,0.063392055
456076,2016,1,7,0.117040919,0.083189362
456077,2016,1,7,0.170891167,0.146187241
456078,2016,1,7,0.108905738,0.083913699
456079,2016,1,7,NA,NA
456080,2016,1,7,0.084196422,0.065361428
456082,2016,1,7,0.079182543,0.058263319
456084,2016,1,7,0.070023634,0.05882017
456085,2016,1,7,0.107585741,0.094716043
456087,2016,1,7,NA,NA
456088,2016,1,7,0.103973823,0.078702023
456089,2016,1,7,0.072730968,0.049300073
456090,2016,1,7,0.140198327,0.126581261
456091,2016,1,7,0.222382364,0.205315171
456092,2016,1,7,NA,NA
456093,2016,1,7,0.112043134,0.081054448
456094,2016,1,7,0.107129465,0.055980392
456095,2016,1,7,0.070617994,0.048363891
456101,2016,1,7,0.172682701,0.129370939
456102,2016,1,7,0.054576481,0.031581901
456103,2016,1,7,0.15376949,0.140222854
456105,2016,1,7,0.100304427,0.08782705
456106,2016,1,7,0.090251166,0.071665339
456107,2016,1,7,0.056307733,0.046600708
456109,2016,1,7,0.155437814,0.130219942
456110,2016,1,7,0.143086206,0.111533273
457002,2016,1,7,0.109594049,0.085594512
457003,2016,1,7,0.101923051,0.073095005
457004,2016,1,7,0.140160858,0.071210733
457005,2016,1,7,0.086549717,0.057051503
457006,2016,1,7,0.099528763,0.044988699
457007,2016,1,7,NA,NA
457008,2016,1,7,0.087609735,0.068375795
457009,2016,1,7,0.120249498,0.065233042
457010,2016,1,7,0.06547531,0.028224719
457011,2016,1,7,0.060998893,0.048565281
457012,2016,1,7,0.080908427,0.051395308
457013,2016,1,7,0.112882141,0.048932953
457014,2016,1,7,0.16007606,0.138084366
457015,2016,1,7,0.140424018,0.106193616
457017,2016,1,7,0.060721291,0.039020131
457018,2016,1,7,0.162942187,0.102118989
457019,2016,1,7,0.126992726,0.094991736
457020,2016,1,7,0.071625999,0.052641824
457021,2016,1,7,0.097780152,0.074235692
457022,2016,1,7,0.093237478,0.057424014
457023,2016,1,7,0.068724339,0.041364017
457024,2016,1,7,0.096907527,0.06376297
457025,2016,1,7,0.071603118,0.059782772
457026,2016,1,7,0.1876333,0.151314604
457027,2016,1,7,0.086209503,0.052133712
457028,2016,1,7,0.135396853,0.093299235
457029,2016,1,7,0.106656637,0.045206074
457030,2016,1,7,0.129309127,0.106960056
457032,2016,1,7,0.130521135,0.097084703
457033,2016,1,7,0.189424065,0.151967461
457034,2016,1,7,0.1122838,0.071071479
457035,2016,1,7,0.120931445,0.097119677
457036,2016,1,7,0.090374217,0.069985166
457037,2016,1,7,0.15445042,0.114993103
457038,2016,1,7,0.157014153,0.089130794
457039,2016,1,7,0.074826695,0.047608437
457040,2016,1,7,0.056618053,0.047383761
457041,2016,1,7,0.103327613,0.067918739
457042,2016,1,7,NA,NA
457043,2016,1,7,0.091340232,0.065466494
457044,2016,1,7,0.074751006,0.050542361
457045,2016,1,7,0.100388849,0.080664025
457051,2016,1,7,0.121140033,0.090153686
457052,2016,1,7,0.135055071,0.071836126
457053,2016,1,7,0.166272391,0.12847596
457055,2016,1,7,0.152381328,0.105752872
457056,2016,1,7,0.19214063,0.138637704
457057,2016,1,7,0.081167888,0.055457178
457058,2016,1,7,0.14773979,0.114343397
457059,2016,1,7,0.229675539,0.186823986
455096,2016,2,4,0.147881588,0.126
455097,2016,2,4,0.185074248,0.172
455098,2016,2,4,0.201723203,0.154
455099,2016,2,4,0.134203903,0.115
455100,2016,2,4,0.081432809,0.0556
455102,2016,2,4,0.146624615,0.148
455103,2016,2,4,NA,NA
455104,2016,2,4,0.140843398,0.142
455105,2016,2,4,0.153713433,0.131
455106,2016,2,4,0.121965598,0.1
455107,2016,2,4,0.076177818,0.0679
455108,2016,2,4,0.071317583,0.0976
455109,2016,2,4,0.110385369,0.0803
455110,2016,2,4,0.141014784,0.138
456001,2016,2,4,0.096640139,0.0756
456002,2016,2,4,0.176946944,0.151
456003,2016,2,4,0.196462645,0.129
456004,2016,2,4,0.123966953,0.0924
456005,2016,2,4,0.096058909,0.0719
456007,2016,2,4,0.131091209,0.0956
456008,2016,2,4,0.149062862,0.133
456009,2016,2,4,0.110636828,0.109
456010,2016,2,4,0.109121773,0.0947
456011,2016,2,4,0.229689209,0.242
456012,2016,2,4,0.16524389,0.167
456013,2016,2,4,0.247765683,0.171
456014,2016,2,4,0.137458065,0.128
456015,2016,2,4,0.078258914,0.0578
456016,2016,2,4,0.194048678,0.205
456017,2016,2,4,0.125304364,0.139
456018,2016,2,4,0.095335811,0.108
456019,2016,2,4,0.117728588,0.131
456020,2016,2,4,0.109573633,0.125
456022,2016,2,4,0.131956173,0.128
456023,2016,2,4,0.072541707,0.0555
456024,2016,2,4,0.142822329,0.151
456025,2016,2,4,0.103512884,0.101
456026,2016,2,4,0.146921401,0.127
456027,2016,2,4,0.134526283,0.127
456028,2016,2,4,NA,NA
456029,2016,2,4,0.166383116,0.129
456030,2016,2,4,0.08299392,0.0711
456031,2016,2,4,NA,NA
456032,2016,2,4,0.086714732,0.0893
456033,2016,2,4,0.188812835,0.147
456034,2016,2,4,0.117189986,0.104
456035,2016,2,4,0.150221959,0.137
456037,2016,2,4,0.058665359,0.0666
456038,2016,2,4,0.186242884,0.163
456039,2016,2,4,0.055380099,0.0671
456040,2016,2,4,0.126219838,0.142
456041,2016,2,4,0.117055078,0.113
456042,2016,2,4,0.10831753,0.135
456044,2016,2,4,0.092838704,0.0832
456045,2016,2,4,0.196154589,0.207
456046,2016,2,4,NA,NA
456047,2016,2,4,0.129699689,0.131
456048,2016,2,4,0.076215701,0.0761
456049,2016,2,4,0.137723157,0.116
456050,2016,2,4,0.113964381,0.0869
456052,2016,2,4,0.075355499,0.0703
456053,2016,2,4,0.174931655,0.155
456054,2016,2,4,0.107914313,0.09
456056,2016,2,4,0.115138084,0.109
456057,2016,2,4,0.114041809,0.111
456058,2016,2,4,0.217963275,0.157
456059,2016,2,4,0.085957236,0.0727
456060,2016,2,4,0.095939603,0.0862
456062,2016,2,4,0.099651265,0.106
456063,2016,2,4,0.081180196,0.0563
456064,2016,2,4,0.078767004,0.0789
456065,2016,2,4,NA,NA
456067,2016,2,4,0.069588861,0.0716
456068,2016,2,4,0.113448821,0.143
456069,2016,2,4,NA,NA
456070,2016,2,4,0.112349351,0.105
456071,2016,2,4,0.076297135,0.0792
456072,2016,2,4,0.086869721,0.094
456073,2016,2,4,0.145776796,0.138
456074,2016,2,4,0.112420227,0.093
456075,2016,2,4,0.084353761,0.0738
456076,2016,2,4,0.203753204,0.151
456077,2016,2,4,0.115673684,0.111
456078,2016,2,4,0.111218411,0.107
456079,2016,2,4,NA,NA
456080,2016,2,4,0.098705108,0.101
456082,2016,2,4,0.090047806,0.0834
456084,2016,2,4,0.08421375,0.0907
456085,2016,2,4,0.12221707,0.125
456087,2016,2,4,NA,NA
456088,2016,2,4,0.08130279,0.09
456089,2016,2,4,0.040290053,0.0509
456090,2016,2,4,0.144596138,0.139
456091,2016,2,4,0.157474539,0.129
456092,2016,2,4,NA,NA
456093,2016,2,4,0.08828265,0.0825
456094,2016,2,4,0.092796319,0.0742
456095,2016,2,4,0.115559492,0.0916
456101,2016,2,4,0.266434589,0.192
456102,2016,2,4,0.092560415,0.0907
456103,2016,2,4,0.115239824,0.116
456105,2016,2,4,0.162496789,0.153
456106,2016,2,4,0.08995647,0.0855
456107,2016,2,4,0.090114982,0.0925
456109,2016,2,4,0.148174501,0.155
456110,2016,2,4,0.13713736,0.109
457002,2016,2,4,0.099901749,0.108
457003,2016,2,4,0.117031819,0.126
457004,2016,2,4,0.095379573,0.108
457005,2016,2,4,0.139676758,0.106
457006,2016,2,4,0.081381335,0.0736
457007,2016,2,4,NA,NA
457008,2016,2,4,0.098084479,0.125
457009,2016,2,4,0.101687176,0.129
457010,2016,2,4,0.0517325,0.0751
457011,2016,2,4,0.08848752,0.09
457012,2016,2,4,0.097343004,0.0996
457013,2016,2,4,0.065615373,0.0928
457014,2016,2,4,0.158427854,0.162
457015,2016,2,4,0.111932431,0.119
457017,2016,2,4,0.048975986,0.0515
457018,2016,2,4,0.160091578,0.143
457019,2016,2,4,0.125557464,0.0939
457020,2016,2,4,0.06565386,0.054
457021,2016,2,4,0.081907919,0.0661
457022,2016,2,4,0.111909244,0.107
457023,2016,2,4,0.078470719,0.0686
457024,2016,2,4,0.101583277,0.0871
457025,2016,2,4,0.093019534,0.0814
457026,2016,2,4,0.224390306,0.14
457027,2016,2,4,0.140048929,0.113
457028,2016,2,4,0.117733665,0.0821
457029,2016,2,4,0.075756484,0.0639
457030,2016,2,4,0.112259967,0.102
457032,2016,2,4,0.119855841,0.101
457033,2016,2,4,0.167196788,0.19
457034,2016,2,4,0.096740328,0.0946
457035,2016,2,4,0.145881387,0.126
457036,2016,2,4,0.07783365,0.0675
457037,2016,2,4,0.159404557,0.136
457038,2016,2,4,0.131268164,0.116
457039,2016,2,4,0.074264681,0.0905
457040,2016,2,4,0.067127875,0.0637
457041,2016,2,4,0.079566494,0.0869
457042,2016,2,4,NA,NA
457043,2016,2,4,0.096161486,0.101
457044,2016,2,4,0.074812487,0.0809
457045,2016,2,4,0.086661506,0.0852
457051,2016,2,4,0.11944012,0.114
457052,2016,2,4,0.133412811,0.104
457053,2016,2,4,0.187392285,0.124
457055,2016,2,4,0.116744347,0.0794
457056,2016,2,4,0.157635642,0.103
457057,2016,2,4,0.068365012,0.0591
457058,2016,2,4,0.116872622,0.0985
457059,2016,2,4,0.159536949,0.126
455096,2016,2,5,0.165422279,0.126
455097,2016,2,5,0.225564813,0.172
455098,2016,2,5,0.222869811,0.154
455099,2016,2,5,0.169209521,0.115
455100,2016,2,5,0.120735583,0.0556
455102,2016,2,5,0.17693982,0.148
455103,2016,2,5,NA,NA
455104,2016,2,5,0.161533444,0.142
455105,2016,2,5,0.179694746,0.131
455106,2016,2,5,0.144924897,0.1
455107,2016,2,5,0.080357888,0.0679
455108,2016,2,5,0.085171856,0.0976
455109,2016,2,5,0.123496541,0.0803
455110,2016,2,5,0.157158776,0.138
456001,2016,2,5,0.108640949,0.0756
456002,2016,2,5,0.185123943,0.151
456003,2016,2,5,0.216637071,0.129
456004,2016,2,5,0.148348414,0.0924
456005,2016,2,5,0.116373354,0.0719
456007,2016,2,5,0.156627819,0.0956
456008,2016,2,5,0.157619565,0.133
456009,2016,2,5,0.143906885,0.109
456010,2016,2,5,0.129758866,0.0947
456011,2016,2,5,0.276766892,0.242
456012,2016,2,5,0.178615087,0.167
456013,2016,2,5,0.261414556,0.171
456014,2016,2,5,0.167627528,0.128
456015,2016,2,5,0.119744002,0.0578
456016,2016,2,5,0.195785979,0.205
456017,2016,2,5,0.142097844,0.139
456018,2016,2,5,0.104713636,0.108
456019,2016,2,5,0.144671067,0.131
456020,2016,2,5,0.113551464,0.125
456022,2016,2,5,0.15572803,0.128
456023,2016,2,5,0.083782177,0.0555
456024,2016,2,5,0.152436083,0.151
456025,2016,2,5,0.124571431,0.101
456026,2016,2,5,0.153112632,0.127
456027,2016,2,5,0.140221073,0.127
456028,2016,2,5,NA,NA
456029,2016,2,5,0.180857924,0.129
456030,2016,2,5,0.08822061,0.0711
456031,2016,2,5,NA,NA
456032,2016,2,5,0.09338178,0.0893
456033,2016,2,5,0.213147058,0.147
456034,2016,2,5,0.131248049,0.104
456035,2016,2,5,0.171993169,0.137
456037,2016,2,5,0.068803669,0.0666
456038,2016,2,5,0.210946469,0.163
456039,2016,2,5,0.078581398,0.0671
456040,2016,2,5,0.1635374,0.142
456041,2016,2,5,0.132148357,0.113
456042,2016,2,5,0.129508738,0.135
456044,2016,2,5,0.099908574,0.0832
456045,2016,2,5,0.218632508,0.207
456046,2016,2,5,NA,NA
456047,2016,2,5,0.156839763,0.131
456048,2016,2,5,0.097566765,0.0761
456049,2016,2,5,0.167973243,0.116
456050,2016,2,5,0.143239006,0.0869
456052,2016,2,5,0.089142267,0.0703
456053,2016,2,5,0.195009002,0.155
456054,2016,2,5,0.128515407,0.09
456056,2016,2,5,0.126128195,0.109
456057,2016,2,5,0.118603934,0.111
456058,2016,2,5,0.249718745,0.157
456059,2016,2,5,0.093161497,0.0727
456060,2016,2,5,0.119309484,0.0862
456062,2016,2,5,0.114695132,0.106
456063,2016,2,5,0.1025302,0.0563
456064,2016,2,5,0.089806726,0.0789
456065,2016,2,5,NA,NA
456067,2016,2,5,0.088661805,0.0716
456068,2016,2,5,0.134282873,0.143
456069,2016,2,5,NA,NA
456070,2016,2,5,0.128866962,0.105
456071,2016,2,5,0.094572461,0.0792
456072,2016,2,5,0.098923215,0.094
456073,2016,2,5,0.165448095,0.138
456074,2016,2,5,0.123399606,0.093
456075,2016,2,5,0.092925483,0.0738
456076,2016,2,5,0.242128511,0.151
456077,2016,2,5,0.144872402,0.111
456078,2016,2,5,0.147925042,0.107
456079,2016,2,5,NA,NA
456080,2016,2,5,0.107788177,0.101
456082,2016,2,5,0.110096774,0.0834
456084,2016,2,5,0.090809786,0.0907
456085,2016,2,5,0.141602642,0.125
456087,2016,2,5,NA,NA
456088,2016,2,5,0.088528907,0.09
456089,2016,2,5,0.054602041,0.0509
456090,2016,2,5,0.172507903,0.139
456091,2016,2,5,0.194933421,0.129
456092,2016,2,5,NA,NA
456093,2016,2,5,0.115064121,0.0825
456094,2016,2,5,0.098060563,0.0742
456095,2016,2,5,0.129267102,0.0916
456101,2016,2,5,0.283500586,0.192
456102,2016,2,5,0.114529574,0.0907
456103,2016,2,5,0.135949941,0.116
456105,2016,2,5,0.1721213,0.153
456106,2016,2,5,0.109227552,0.0855
456107,2016,2,5,0.113322452,0.0925
456109,2016,2,5,0.166903637,0.155
456110,2016,2,5,0.153327189,0.109
457002,2016,2,5,0.114326043,0.108
457003,2016,2,5,0.133471165,0.126
457004,2016,2,5,0.121882315,0.108
457005,2016,2,5,0.137775239,0.106
457006,2016,2,5,0.113034793,0.0736
457007,2016,2,5,NA,NA
457008,2016,2,5,0.11351417,0.125
457009,2016,2,5,0.122978406,0.129
457010,2016,2,5,0.069181722,0.0751
457011,2016,2,5,0.104830447,0.09
457012,2016,2,5,0.120005184,0.0996
457013,2016,2,5,0.092553791,0.0928
457014,2016,2,5,0.19058368,0.162
457015,2016,2,5,0.135555482,0.119
457017,2016,2,5,0.060143218,0.0515
457018,2016,2,5,0.182225876,0.143
457019,2016,2,5,0.158578384,0.0939
457020,2016,2,5,0.084810081,0.054
457021,2016,2,5,0.106453614,0.0661
457022,2016,2,5,0.143055504,0.107
457023,2016,2,5,0.094744808,0.0686
457024,2016,2,5,0.117048588,0.0871
457025,2016,2,5,0.116629869,0.0814
457026,2016,2,5,0.2406195,0.14
457027,2016,2,5,0.148948358,0.113
457028,2016,2,5,0.137778536,0.0821
457029,2016,2,5,0.112190114,0.0639
457030,2016,2,5,0.134595619,0.102
457032,2016,2,5,0.13955691,0.101
457033,2016,2,5,0.20261504,0.19
457034,2016,2,5,0.133594335,0.0946
457035,2016,2,5,0.179550696,0.126
457036,2016,2,5,0.086851858,0.0675
457037,2016,2,5,0.181915185,0.136
457038,2016,2,5,0.148538743,0.116
457039,2016,2,5,0.093459408,0.0905
457040,2016,2,5,0.077679522,0.0637
457041,2016,2,5,0.083865017,0.0869
457042,2016,2,5,NA,NA
457043,2016,2,5,0.109609109,0.101
457044,2016,2,5,0.090354843,0.0809
457045,2016,2,5,0.116020665,0.0852
457051,2016,2,5,0.129667887,0.114
457052,2016,2,5,0.156799217,0.104
457053,2016,2,5,0.196299727,0.124
457055,2016,2,5,0.141213383,0.0794
457056,2016,2,5,0.17300824,0.103
457057,2016,2,5,0.086411641,0.0591
457058,2016,2,5,0.145046507,0.0985
457059,2016,2,5,0.204607888,0.126
455096,2016,2,6,0.167463148,0.126
455097,2016,2,6,0.220861626,0.172
455098,2016,2,6,0.223932455,0.154
455099,2016,2,6,0.162074219,0.115
455100,2016,2,6,0.129690082,0.0556
455102,2016,2,6,0.186422724,0.148
455103,2016,2,6,NA,NA
455104,2016,2,6,0.1603667,0.142
455105,2016,2,6,0.178136238,0.131
455106,2016,2,6,0.1518244,0.1
455107,2016,2,6,0.091135998,0.0679
455108,2016,2,6,0.078346049,0.0976
455109,2016,2,6,0.129943434,0.0803
455110,2016,2,6,0.169159687,0.138
456001,2016,2,6,0.114858971,0.0756
456002,2016,2,6,0.195429147,0.151
456003,2016,2,6,0.183649578,0.129
456004,2016,2,6,0.141505204,0.0924
456005,2016,2,6,0.12308643,0.0719
456007,2016,2,6,0.160355219,0.0956
456008,2016,2,6,0.154877418,0.133
456009,2016,2,6,0.132498186,0.109
456010,2016,2,6,0.119284833,0.0947
456011,2016,2,6,0.247677751,0.242
456012,2016,2,6,0.17914248,0.167
456013,2016,2,6,0.249019182,0.171
456014,2016,2,6,0.15214439,0.128
456015,2016,2,6,0.104369781,0.0578
456016,2016,2,6,0.179878806,0.205
456017,2016,2,6,0.133297218,0.139
456018,2016,2,6,0.102688395,0.108
456019,2016,2,6,0.13810141,0.131
456020,2016,2,6,0.107689684,0.125
456022,2016,2,6,0.14757137,0.128
456023,2016,2,6,0.092721228,0.0555
456024,2016,2,6,0.147860079,0.151
456025,2016,2,6,0.115456663,0.101
456026,2016,2,6,0.16285287,0.127
456027,2016,2,6,0.135750006,0.127
456028,2016,2,6,NA,NA
456029,2016,2,6,0.174242829,0.129
456030,2016,2,6,0.09476028,0.0711
456031,2016,2,6,NA,NA
456032,2016,2,6,0.093878064,0.0893
456033,2016,2,6,0.195671757,0.147
456034,2016,2,6,0.126682838,0.104
456035,2016,2,6,0.168255034,0.137
456037,2016,2,6,0.071394009,0.0666
456038,2016,2,6,0.196553858,0.163
456039,2016,2,6,0.070282956,0.0671
456040,2016,2,6,0.144040419,0.142
456041,2016,2,6,0.131123405,0.113
456042,2016,2,6,0.126565846,0.135
456044,2016,2,6,0.106455399,0.0832
456045,2016,2,6,0.216413359,0.207
456046,2016,2,6,NA,NA
456047,2016,2,6,0.141464939,0.131
456048,2016,2,6,0.100568358,0.0761
456049,2016,2,6,0.165119866,0.116
456050,2016,2,6,0.142760669,0.0869
456052,2016,2,6,0.083613746,0.0703
456053,2016,2,6,0.207650617,0.155
456054,2016,2,6,0.130325498,0.09
456056,2016,2,6,0.13236272,0.109
456057,2016,2,6,0.128430913,0.111
456058,2016,2,6,0.26943314,0.157
456059,2016,2,6,0.09313606,0.0727
456060,2016,2,6,0.122398112,0.0862
456062,2016,2,6,0.112951816,0.106
456063,2016,2,6,0.106554772,0.0563
456064,2016,2,6,0.088739422,0.0789
456065,2016,2,6,NA,NA
456067,2016,2,6,0.086682803,0.0716
456068,2016,2,6,0.124935407,0.143
456069,2016,2,6,NA,NA
456070,2016,2,6,0.12260301,0.105
456071,2016,2,6,0.098602503,0.0792
456072,2016,2,6,0.094762047,0.094
456073,2016,2,6,0.155008687,0.138
456074,2016,2,6,0.127353343,0.093
456075,2016,2,6,0.099031658,0.0738
456076,2016,2,6,0.235257877,0.151
456077,2016,2,6,0.141290751,0.111
456078,2016,2,6,0.147228479,0.107
456079,2016,2,6,NA,NA
456080,2016,2,6,0.11086353,0.101
456082,2016,2,6,0.113862491,0.0834
456084,2016,2,6,0.090178381,0.0907
456085,2016,2,6,0.128274911,0.125
456087,2016,2,6,NA,NA
456088,2016,2,6,0.095747071,0.09
456089,2016,2,6,0.062909026,0.0509
456090,2016,2,6,0.171759227,0.139
456091,2016,2,6,0.167874284,0.129
456092,2016,2,6,NA,NA
456093,2016,2,6,0.110860055,0.0825
456094,2016,2,6,0.095412991,0.0742
456095,2016,2,6,0.11892214,0.0916
456101,2016,2,6,0.263284628,0.192
456102,2016,2,6,0.10912834,0.0907
456103,2016,2,6,0.137974286,0.116
456105,2016,2,6,0.181421483,0.153
456106,2016,2,6,0.123240616,0.0855
456107,2016,2,6,0.111065555,0.0925
456109,2016,2,6,0.158501938,0.155
456110,2016,2,6,0.149172627,0.109
457002,2016,2,6,0.112321459,0.108
457003,2016,2,6,0.14626634,0.126
457004,2016,2,6,0.110331085,0.108
457005,2016,2,6,0.132036985,0.106
457006,2016,2,6,0.104253663,0.0736
457007,2016,2,6,NA,NA
457008,2016,2,6,0.104486328,0.125
457009,2016,2,6,0.117577762,0.129
457010,2016,2,6,0.061903293,0.0751
457011,2016,2,6,0.089507807,0.09
457012,2016,2,6,0.112562134,0.0996
457013,2016,2,6,0.085943395,0.0928
457014,2016,2,6,0.169653313,0.162
457015,2016,2,6,0.118332767,0.119
457017,2016,2,6,0.061130467,0.0515
457018,2016,2,6,0.158472315,0.143
457019,2016,2,6,0.148290367,0.0939
457020,2016,2,6,0.079749565,0.054
457021,2016,2,6,0.111710499,0.0661
457022,2016,2,6,0.134780648,0.107
457023,2016,2,6,0.104296941,0.0686
457024,2016,2,6,0.127052705,0.0871
457025,2016,2,6,0.118247868,0.0814
457026,2016,2,6,0.226134114,0.14
457027,2016,2,6,0.148218051,0.113
457028,2016,2,6,0.140757556,0.0821
457029,2016,2,6,0.115769598,0.0639
457030,2016,2,6,0.133569626,0.102
457032,2016,2,6,0.138478068,0.101
457033,2016,2,6,0.205780899,0.19
457034,2016,2,6,0.135521903,0.0946
457035,2016,2,6,0.16851748,0.126
457036,2016,2,6,0.09909264,0.0675
457037,2016,2,6,0.189126951,0.136
457038,2016,2,6,0.153684391,0.116
457039,2016,2,6,0.08616115,0.0905
457040,2016,2,6,0.077500511,0.0637
457041,2016,2,6,0.086727151,0.0869
457042,2016,2,6,NA,NA
457043,2016,2,6,0.099237996,0.101
457044,2016,2,6,0.083239427,0.0809
457045,2016,2,6,0.112130628,0.0852
457051,2016,2,6,0.123864292,0.114
457052,2016,2,6,0.160918286,0.104
457053,2016,2,6,0.207989304,0.124
457055,2016,2,6,0.146225035,0.0794
457056,2016,2,6,0.165767285,0.103
457057,2016,2,6,0.084658059,0.0591
457058,2016,2,6,0.147544001,0.0985
457059,2016,2,6,0.203000215,0.126
455096,2016,2,7,0.167403443,0.126
455097,2016,2,7,0.210633838,0.172
455098,2016,2,7,0.215784977,0.154
455099,2016,2,7,0.166813074,0.115
455100,2016,2,7,0.149219656,0.0556
455102,2016,2,7,0.180836653,0.148
455103,2016,2,7,NA,NA
455104,2016,2,7,0.1611253,0.142
455105,2016,2,7,0.171737024,0.131
455106,2016,2,7,0.152323386,0.1
455107,2016,2,7,0.099666326,0.0679
455108,2016,2,7,0.091385416,0.0976
455109,2016,2,7,0.127623109,0.0803
455110,2016,2,7,0.176450037,0.138
456001,2016,2,7,0.114311447,0.0756
456002,2016,2,7,0.212412937,0.151
456003,2016,2,7,0.199912904,0.129
456004,2016,2,7,0.140871132,0.0924
456005,2016,2,7,0.125169159,0.0719
456007,2016,2,7,0.159011236,0.0956
456008,2016,2,7,0.158091412,0.133
456009,2016,2,7,0.139763808,0.109
456010,2016,2,7,0.122747311,0.0947
456011,2016,2,7,0.250844332,0.242
456012,2016,2,7,0.182531182,0.167
456013,2016,2,7,0.264573262,0.171
456014,2016,2,7,0.157755923,0.128
456015,2016,2,7,0.124550318,0.0578
456016,2016,2,7,0.181546164,0.205
456017,2016,2,7,0.154043927,0.139
456018,2016,2,7,0.110793138,0.108
456019,2016,2,7,0.146393468,0.131
456020,2016,2,7,0.112908972,0.125
456022,2016,2,7,0.15377745,0.128
456023,2016,2,7,0.115779894,0.0555
456024,2016,2,7,0.154647239,0.151
456025,2016,2,7,0.122751511,0.101
456026,2016,2,7,0.158877173,0.127
456027,2016,2,7,0.151409932,0.127
456028,2016,2,7,NA,NA
456029,2016,2,7,0.179114889,0.129
456030,2016,2,7,0.10343463,0.0711
456031,2016,2,7,NA,NA
456032,2016,2,7,0.094842393,0.0893
456033,2016,2,7,0.211095849,0.147
456034,2016,2,7,0.13898964,0.104
456035,2016,2,7,0.172794789,0.137
456037,2016,2,7,0.068084893,0.0666
456038,2016,2,7,0.201965182,0.163
456039,2016,2,7,0.079276683,0.0671
456040,2016,2,7,0.147189652,0.142
456041,2016,2,7,0.129482925,0.113
456042,2016,2,7,0.13444398,0.135
456044,2016,2,7,0.104506954,0.0832
456045,2016,2,7,0.220842153,0.207
456046,2016,2,7,NA,NA
456047,2016,2,7,0.139647649,0.131
456048,2016,2,7,0.106940742,0.0761
456049,2016,2,7,0.165272152,0.116
456050,2016,2,7,0.142559926,0.0869
456052,2016,2,7,0.084329823,0.0703
456053,2016,2,7,0.199849284,0.155
456054,2016,2,7,0.133592631,0.09
456056,2016,2,7,0.133278299,0.109
456057,2016,2,7,0.129875134,0.111
456058,2016,2,7,0.263048705,0.157
456059,2016,2,7,0.103550763,0.0727
456060,2016,2,7,0.123772262,0.0862
456062,2016,2,7,0.121193064,0.106
456063,2016,2,7,0.118808187,0.0563
456064,2016,2,7,0.098875419,0.0789
456065,2016,2,7,NA,NA
456067,2016,2,7,0.093233854,0.0716
456068,2016,2,7,0.14977292,0.143
456069,2016,2,7,NA,NA
456070,2016,2,7,0.131210789,0.105
456071,2016,2,7,0.114117986,0.0792
456072,2016,2,7,0.103197726,0.094
456073,2016,2,7,0.162270232,0.138
456074,2016,2,7,0.127182779,0.093
456075,2016,2,7,0.104962372,0.0738
456076,2016,2,7,0.236320791,0.151
456077,2016,2,7,0.140224296,0.111
456078,2016,2,7,0.14775366,0.107
456079,2016,2,7,NA,NA
456080,2016,2,7,0.114804412,0.101
456082,2016,2,7,0.1046329,0.0834
456084,2016,2,7,0.092490108,0.0907
456085,2016,2,7,0.137794982,0.125
456087,2016,2,7,NA,NA
456088,2016,2,7,0.10220458,0.09
456089,2016,2,7,0.065281912,0.0509
456090,2016,2,7,0.177342399,0.139
456091,2016,2,7,0.175554081,0.129
456092,2016,2,7,NA,NA
456093,2016,2,7,0.116284667,0.0825
456094,2016,2,7,0.098850856,0.0742
456095,2016,2,7,0.122543097,0.0916
456101,2016,2,7,0.270366938,0.192
456102,2016,2,7,0.113520671,0.0907
456103,2016,2,7,0.136998905,0.116
456105,2016,2,7,0.171326514,0.153
456106,2016,2,7,0.113749013,0.0855
456107,2016,2,7,0.116972711,0.0925
456109,2016,2,7,0.180276861,0.155
456110,2016,2,7,0.15545868,0.109
457002,2016,2,7,0.117785894,0.108
457003,2016,2,7,0.148161554,0.126
457004,2016,2,7,0.122391159,0.108
457005,2016,2,7,0.141600557,0.106
457006,2016,2,7,0.118004122,0.0736
457007,2016,2,7,NA,NA
457008,2016,2,7,0.118976178,0.125
457009,2016,2,7,0.12796183,0.129
457010,2016,2,7,0.068875143,0.0751
457011,2016,2,7,0.102102775,0.09
457012,2016,2,7,0.131246916,0.0996
457013,2016,2,7,0.109600667,0.0928
457014,2016,2,7,0.186168849,0.162
457015,2016,2,7,0.132549094,0.119
457017,2016,2,7,0.067039053,0.0515
457018,2016,2,7,0.182525042,0.143
457019,2016,2,7,0.147843594,0.0939
457020,2016,2,7,0.086739711,0.054
457021,2016,2,7,0.121442568,0.0661
457022,2016,2,7,0.138661734,0.107
457023,2016,2,7,0.117193151,0.0686
457024,2016,2,7,0.131299621,0.0871
457025,2016,2,7,0.117365376,0.0814
457026,2016,2,7,0.245449249,0.14
457027,2016,2,7,0.158411134,0.113
457028,2016,2,7,0.139325835,0.0821
457029,2016,2,7,0.135522171,0.0639
457030,2016,2,7,0.136613082,0.102
457032,2016,2,7,0.141198137,0.101
457033,2016,2,7,0.197489586,0.19
457034,2016,2,7,0.142779905,0.0946
457035,2016,2,7,0.168895442,0.126
457036,2016,2,7,0.092310963,0.0675
457037,2016,2,7,0.171028943,0.136
457038,2016,2,7,0.147563943,0.116
457039,2016,2,7,0.098748966,0.0905
457040,2016,2,7,0.07995854,0.0637
457041,2016,2,7,0.092309292,0.0869
457042,2016,2,7,NA,NA
457043,2016,2,7,0.106704822,0.101
457044,2016,2,7,0.091779359,0.0809
457045,2016,2,7,0.118317699,0.0852
457051,2016,2,7,0.138457076,0.114
457052,2016,2,7,0.167625738,0.104
457053,2016,2,7,0.213257484,0.124
457055,2016,2,7,0.158309373,0.0794
457056,2016,2,7,0.171204318,0.103
457057,2016,2,7,0.09795444,0.0591
457058,2016,2,7,0.151367097,0.0985
457059,2016,2,7,0.197791974,0.126
