Genotype,Year,Experiment,Dpi,Phenotype
452001,2015,1,3,NA
452002,2015,1,3,1
452003,2015,1,3,1
452004,2015,1,3,NA
452005,2015,1,3,1
452006,2015,1,3,1.833333333
452007,2015,1,3,1
452008,2015,1,3,1
452009,2015,1,3,1
452010,2015,1,3,1.166666667
452012,2015,1,3,1
452013,2015,1,3,1
452014,2015,1,3,NA
452015,2015,1,3,1
452016,2015,1,3,1.125
452017,2015,1,3,1
452018,2015,1,3,1
452019,2015,1,3,NA
452020,2015,1,3,NA
452021,2015,1,3,1
452022,2015,1,3,1
452023,2015,1,3,NA
452024,2015,1,3,NA
452027,2015,1,3,1
452028,2015,1,3,1
452029,2015,1,3,NA
452030,2015,1,3,1
452031,2015,1,3,1
452032,2015,1,3,1
452033,2015,1,3,1
452034,2015,1,3,1
452035,2015,1,3,1
452036,2015,1,3,1
452037,2015,1,3,1.333333333
452038,2015,1,3,1
452039,2015,1,3,NA
452040,2015,1,3,1
452042,2015,1,3,1
452043,2015,1,3,1.166666667
452044,2015,1,3,1
452045,2015,1,3,NA
452046,2015,1,3,1
452047,2015,1,3,1
452048,2015,1,3,1.5
452049,2015,1,3,NA
452050,2015,1,3,1
452051,2015,1,3,1.25
452058,2015,1,3,NA
452059,2015,1,3,1
452060,2015,1,3,NA
452061,2015,1,3,1
452062,2015,1,3,1
452063,2015,1,3,1
452065,2015,1,3,1
452067,2015,1,3,1
452068,2015,1,3,1
452069,2015,1,3,1
452070,2015,1,3,NA
452072,2015,1,3,NA
452073,2015,1,3,NA
452074,2015,1,3,NA
452075,2015,1,3,1
452076,2015,1,3,1
452077,2015,1,3,1
452079,2015,1,3,NA
452080,2015,1,3,1
452081,2015,1,3,1
452082,2015,1,3,1
452083,2015,1,3,1
452084,2015,1,3,1
452085,2015,1,3,2
452087,2015,1,3,NA
452088,2015,1,3,NA
452089,2015,1,3,NA
452091,2015,1,3,1
452092,2015,1,3,1
452093,2015,1,3,1.25
452094,2015,1,3,1
452095,2015,1,3,1
452096,2015,1,3,1
452097,2015,1,3,NA
452098,2015,1,3,1
452099,2015,1,3,1
452100,2015,1,3,1
452102,2015,1,3,1
452103,2015,1,3,1
452104,2015,1,3,1
452105,2015,1,3,1.857142857
452106,2015,1,3,1.142857143
452107,2015,1,3,NA
453001,2015,1,3,1
453002,2015,1,3,1.857142857
453003,2015,1,3,1
453004,2015,1,3,1
453005,2015,1,3,NA
453007,2015,1,3,1.6
453008,2015,1,3,NA
453009,2015,1,3,1.142857143
453010,2015,1,3,1.333333333
453011,2015,1,3,1
453012,2015,1,3,NA
453013,2015,1,3,1
453014,2015,1,3,1
453015,2015,1,3,NA
453016,2015,1,3,NA
453017,2015,1,3,1.2
453018,2015,1,3,3.857142857
453020,2015,1,3,1
453022,2015,1,3,NA
453023,2015,1,3,1.375
453024,2015,1,3,1
453025,2015,1,3,NA
453026,2015,1,3,1
453027,2015,1,3,1
453028,2015,1,3,1
453029,2015,1,3,1.625
453030,2015,1,3,1
453031,2015,1,3,1
453032,2015,1,3,NA
453033,2015,1,3,NA
453034,2015,1,3,NA
453035,2015,1,3,NA
453037,2015,1,3,NA
453038,2015,1,3,1
453039,2015,1,3,1.375
453040,2015,1,3,1
453042,2015,1,3,NA
453043,2015,1,3,NA
453044,2015,1,3,1
453045,2015,1,3,NA
453046,2015,1,3,1
453047,2015,1,3,1.75
453048,2015,1,3,1
453049,2015,1,3,NA
453050,2015,1,3,1
453052,2015,1,3,1
453053,2015,1,3,NA
453054,2015,1,3,1
453056,2015,1,3,1
453057,2015,1,3,1.166666667
453058,2015,1,3,1
453059,2015,1,3,1
453060,2015,1,3,1
453061,2015,1,3,1
453062,2015,1,3,1
453063,2015,1,3,1
453064,2015,1,3,1
453065,2015,1,3,1
453067,2015,1,3,2.125
453068,2015,1,3,NA
453069,2015,1,3,1.142857143
453070,2015,1,3,NA
453071,2015,1,3,1
453072,2015,1,3,1.142857143
453073,2015,1,3,NA
453074,2015,1,3,NA
453075,2015,1,3,1
453076,2015,1,3,1.5
453077,2015,1,3,NA
453078,2015,1,3,1.166666667
453079,2015,1,3,1
453080,2015,1,3,1
453082,2015,1,3,NA
453083,2015,1,3,NA
453084,2015,1,3,1
453085,2015,1,3,NA
453086,2015,1,3,1
453087,2015,1,3,1
453088,2015,1,3,1
453089,2015,1,3,1
453090,2015,1,3,1
453091,2015,1,3,NA
453092,2015,1,3,1
453093,2015,1,3,1
453094,2015,1,3,1
453095,2015,1,3,NA
453097,2015,1,3,1
453098,2015,1,3,1
453099,2015,1,3,1
453100,2015,1,3,1.125
453106,2015,1,3,1
453107,2015,1,3,NA
453108,2015,1,3,1.428571429
453109,2015,1,3,1
453110,2015,1,3,1
454002,2015,1,3,1
454003,2015,1,3,1
454004,2015,1,3,1
454005,2015,1,3,1
454006,2015,1,3,1.125
454007,2015,1,3,1.875
454008,2015,1,3,1
454009,2015,1,3,1
454010,2015,1,3,1
454011,2015,1,3,1
454012,2015,1,3,1
454013,2015,1,3,1
454015,2015,1,3,1
454017,2015,1,3,1.142857143
454018,2015,1,3,1
454019,2015,1,3,1.25
454021,2015,1,3,1
454022,2015,1,3,1
454023,2015,1,3,1
454024,2015,1,3,1
454025,2015,1,3,1
454026,2015,1,3,NA
454027,2015,1,3,1
454028,2015,1,3,1
454029,2015,1,3,1
454030,2015,1,3,1
454032,2015,1,3,1
454033,2015,1,3,1.375
454034,2015,1,3,1
452001,2015,1,4,NA
452002,2015,1,4,4.25
452003,2015,1,4,4.571428571
452004,2015,1,4,NA
452005,2015,1,4,2.5
452006,2015,1,4,4.5
452007,2015,1,4,4.5
452008,2015,1,4,4.5
452009,2015,1,4,4.333333333
452010,2015,1,4,4.5
452012,2015,1,4,2.25
452013,2015,1,4,4
452014,2015,1,4,NA
452015,2015,1,4,4.625
452016,2015,1,4,4.5
452017,2015,1,4,1.125
452018,2015,1,4,4.375
452019,2015,1,4,NA
452020,2015,1,4,NA
452021,2015,1,4,4.5
452022,2015,1,4,4.5
452023,2015,1,4,NA
452024,2015,1,4,NA
452027,2015,1,4,5
452028,2015,1,4,2.285714286
452029,2015,1,4,NA
452030,2015,1,4,4.625
452031,2015,1,4,2.625
452032,2015,1,4,3.428571429
452033,2015,1,4,4.875
452034,2015,1,4,5
452035,2015,1,4,3.75
452036,2015,1,4,5
452037,2015,1,4,4.666666667
452038,2015,1,4,5
452039,2015,1,4,NA
452040,2015,1,4,4.714285714
452042,2015,1,4,4.142857143
452043,2015,1,4,3.666666667
452044,2015,1,4,2
452045,2015,1,4,NA
452046,2015,1,4,4.714285714
452047,2015,1,4,4.8
452048,2015,1,4,5
452049,2015,1,4,NA
452050,2015,1,4,5
452051,2015,1,4,4.875
452058,2015,1,4,NA
452059,2015,1,4,4.142857143
452060,2015,1,4,NA
452061,2015,1,4,4.375
452062,2015,1,4,3.875
452063,2015,1,4,4.142857143
452065,2015,1,4,2.166666667
452067,2015,1,4,3
452068,2015,1,4,3.875
452069,2015,1,4,4
452070,2015,1,4,NA
452072,2015,1,4,NA
452073,2015,1,4,NA
452074,2015,1,4,NA
452075,2015,1,4,4.25
452076,2015,1,4,2
452077,2015,1,4,2.625
452079,2015,1,4,NA
452080,2015,1,4,3
452081,2015,1,4,3.625
452082,2015,1,4,4
452083,2015,1,4,3.285714286
452084,2015,1,4,5
452085,2015,1,4,5
452087,2015,1,4,NA
452088,2015,1,4,NA
452089,2015,1,4,NA
452091,2015,1,4,5
452092,2015,1,4,3.75
452093,2015,1,4,4.75
452094,2015,1,4,3.75
452095,2015,1,4,4.5
452096,2015,1,4,2.857142857
452097,2015,1,4,NA
452098,2015,1,4,3.714285714
452099,2015,1,4,3.857142857
452100,2015,1,4,2.625
452102,2015,1,4,4.428571429
452103,2015,1,4,3.571428571
452104,2015,1,4,2.428571429
452105,2015,1,4,5
452106,2015,1,4,4.714285714
452107,2015,1,4,NA
453001,2015,1,4,3.75
453002,2015,1,4,5
453003,2015,1,4,4.166666667
453004,2015,1,4,3.75
453005,2015,1,4,NA
453007,2015,1,4,5
453008,2015,1,4,NA
453009,2015,1,4,4.142857143
453010,2015,1,4,5
453011,2015,1,4,3.571428571
453012,2015,1,4,NA
453013,2015,1,4,3.857142857
453014,2015,1,4,4
453015,2015,1,4,NA
453016,2015,1,4,NA
453017,2015,1,4,4.6
453018,2015,1,4,5
453020,2015,1,4,3.142857143
453022,2015,1,4,NA
453023,2015,1,4,5
453024,2015,1,4,4.857142857
453025,2015,1,4,NA
453026,2015,1,4,1.666666667
453027,2015,1,4,2.857142857
453028,2015,1,4,4.571428571
453029,2015,1,4,5
453030,2015,1,4,1
453031,2015,1,4,4.833333333
453032,2015,1,4,NA
453033,2015,1,4,NA
453034,2015,1,4,NA
453035,2015,1,4,NA
453037,2015,1,4,NA
453038,2015,1,4,3.833333333
453039,2015,1,4,4.25
453040,2015,1,4,2.375
453042,2015,1,4,NA
453043,2015,1,4,NA
453044,2015,1,4,3.625
453045,2015,1,4,NA
453046,2015,1,4,3.25
453047,2015,1,4,4.75
453048,2015,1,4,4
453049,2015,1,4,NA
453050,2015,1,4,4
453052,2015,1,4,4.666666667
453053,2015,1,4,NA
453054,2015,1,4,3.375
453056,2015,1,4,4.666666667
453057,2015,1,4,3.333333333
453058,2015,1,4,3.428571429
453059,2015,1,4,2.333333333
453060,2015,1,4,4.2
453061,2015,1,4,4.375
453062,2015,1,4,4.166666667
453063,2015,1,4,1.666666667
453064,2015,1,4,3.571428571
453065,2015,1,4,1.75
453067,2015,1,4,5
453068,2015,1,4,NA
453069,2015,1,4,4.857142857
453070,2015,1,4,NA
453071,2015,1,4,2.428571429
453072,2015,1,4,5
453073,2015,1,4,NA
453074,2015,1,4,NA
453075,2015,1,4,2.125
453076,2015,1,4,5
453077,2015,1,4,NA
453078,2015,1,4,4.833333333
453079,2015,1,4,3
453080,2015,1,4,3.25
453082,2015,1,4,NA
453083,2015,1,4,NA
453084,2015,1,4,4
453085,2015,1,4,NA
453086,2015,1,4,3.428571429
453087,2015,1,4,1.857142857
453088,2015,1,4,2
453089,2015,1,4,3.5
453090,2015,1,4,2.714285714
453091,2015,1,4,NA
453092,2015,1,4,1.285714286
453093,2015,1,4,4.571428571
453094,2015,1,4,3.714285714
453095,2015,1,4,NA
453097,2015,1,4,2.285714286
453098,2015,1,4,4.375
453099,2015,1,4,1.285714286
453100,2015,1,4,4.625
453106,2015,1,4,4.333333333
453107,2015,1,4,NA
453108,2015,1,4,4
453109,2015,1,4,2.25
453110,2015,1,4,4.285714286
454002,2015,1,4,4.25
454003,2015,1,4,4
454004,2015,1,4,4.857142857
454005,2015,1,4,1.428571429
454006,2015,1,4,5
454007,2015,1,4,4.75
454008,2015,1,4,4.625
454009,2015,1,4,3.857142857
454010,2015,1,4,3.428571429
454011,2015,1,4,4
454012,2015,1,4,4.75
454013,2015,1,4,4.714285714
454015,2015,1,4,3.5
454017,2015,1,4,2.857142857
454018,2015,1,4,4.666666667
454019,2015,1,4,5
454021,2015,1,4,4.857142857
454022,2015,1,4,1.857142857
454023,2015,1,4,2
454024,2015,1,4,2.625
454025,2015,1,4,3
454026,2015,1,4,NA
454027,2015,1,4,1.285714286
454028,2015,1,4,3.166666667
454029,2015,1,4,3.571428571
454030,2015,1,4,2.75
454032,2015,1,4,1.8
454033,2015,1,4,4.875
454034,2015,1,4,4.714285714
452001,2015,1,5,NA
452002,2015,1,5,4.5
452003,2015,1,5,4.857142857
452004,2015,1,5,NA
452005,2015,1,5,4.5
452006,2015,1,5,4.5
452007,2015,1,5,5
452008,2015,1,5,5
452009,2015,1,5,4.666666667
452010,2015,1,5,5
452012,2015,1,5,3.875
452013,2015,1,5,4.714285714
452014,2015,1,5,NA
452015,2015,1,5,4.625
452016,2015,1,5,4.625
452017,2015,1,5,3.875
452018,2015,1,5,4.875
452019,2015,1,5,NA
452020,2015,1,5,NA
452021,2015,1,5,5
452022,2015,1,5,4.75
452023,2015,1,5,NA
452024,2015,1,5,NA
452027,2015,1,5,5
452028,2015,1,5,3.714285714
452029,2015,1,5,NA
452030,2015,1,5,4.75
452031,2015,1,5,4.625
452032,2015,1,5,4.285714286
452033,2015,1,5,4.875
452034,2015,1,5,4.857142857
452035,2015,1,5,4.75
452036,2015,1,5,5
452037,2015,1,5,5
452038,2015,1,5,5
452039,2015,1,5,NA
452040,2015,1,5,5
452042,2015,1,5,4.285714286
452043,2015,1,5,4.166666667
452044,2015,1,5,2.166666667
452045,2015,1,5,NA
452046,2015,1,5,4.428571429
452047,2015,1,5,4.8
452048,2015,1,5,5
452049,2015,1,5,NA
452050,2015,1,5,5
452051,2015,1,5,4.875
452058,2015,1,5,NA
452059,2015,1,5,4.857142857
452060,2015,1,5,NA
452061,2015,1,5,5
452062,2015,1,5,4.375
452063,2015,1,5,4.714285714
452065,2015,1,5,4.5
452067,2015,1,5,4.5
452068,2015,1,5,5
452069,2015,1,5,4.714285714
452070,2015,1,5,NA
452072,2015,1,5,NA
452073,2015,1,5,NA
452074,2015,1,5,NA
452075,2015,1,5,5
452076,2015,1,5,4.8
452077,2015,1,5,3.25
452079,2015,1,5,NA
452080,2015,1,5,4.428571429
452081,2015,1,5,4
452082,2015,1,5,4.428571429
452083,2015,1,5,4.714285714
452084,2015,1,5,5
452085,2015,1,5,5
452087,2015,1,5,NA
452088,2015,1,5,NA
452089,2015,1,5,NA
452091,2015,1,5,5
452092,2015,1,5,4.75
452093,2015,1,5,5
452094,2015,1,5,4.5
452095,2015,1,5,5
452096,2015,1,5,2.857142857
452097,2015,1,5,NA
452098,2015,1,5,4.142857143
452099,2015,1,5,4.857142857
452100,2015,1,5,3.875
452102,2015,1,5,4.857142857
452103,2015,1,5,3.857142857
452104,2015,1,5,4.571428571
452105,2015,1,5,5
452106,2015,1,5,5
452107,2015,1,5,NA
453001,2015,1,5,4.375
453002,2015,1,5,5
453003,2015,1,5,4.166666667
453004,2015,1,5,5
453005,2015,1,5,NA
453007,2015,1,5,5
453008,2015,1,5,NA
453009,2015,1,5,5
453010,2015,1,5,5
453011,2015,1,5,4.857142857
453012,2015,1,5,NA
453013,2015,1,5,4.857142857
453014,2015,1,5,4.833333333
453015,2015,1,5,NA
453016,2015,1,5,NA
453017,2015,1,5,5
453018,2015,1,5,5
453020,2015,1,5,4.428571429
453022,2015,1,5,NA
453023,2015,1,5,5
453024,2015,1,5,5
453025,2015,1,5,NA
453026,2015,1,5,3.166666667
453027,2015,1,5,4.428571429
453028,2015,1,5,5
453029,2015,1,5,5
453030,2015,1,5,2.6
453031,2015,1,5,5
453032,2015,1,5,NA
453033,2015,1,5,NA
453034,2015,1,5,NA
453035,2015,1,5,NA
453037,2015,1,5,NA
453038,2015,1,5,4.833333333
453039,2015,1,5,4.875
453040,2015,1,5,4.25
453042,2015,1,5,NA
453043,2015,1,5,NA
453044,2015,1,5,4.5
453045,2015,1,5,NA
453046,2015,1,5,4.25
453047,2015,1,5,5
453048,2015,1,5,4.4
453049,2015,1,5,NA
453050,2015,1,5,4.857142857
453052,2015,1,5,4.666666667
453053,2015,1,5,NA
453054,2015,1,5,4.25
453056,2015,1,5,4.833333333
453057,2015,1,5,4.333333333
453058,2015,1,5,4.857142857
453059,2015,1,5,3.5
453060,2015,1,5,5
453061,2015,1,5,4.25
453062,2015,1,5,5
453063,2015,1,5,3.333333333
453064,2015,1,5,4.571428571
453065,2015,1,5,2.5
453067,2015,1,5,5
453068,2015,1,5,NA
453069,2015,1,5,5
453070,2015,1,5,NA
453071,2015,1,5,5
453072,2015,1,5,4.857142857
453073,2015,1,5,NA
453074,2015,1,5,NA
453075,2015,1,5,3.625
453076,2015,1,5,5
453077,2015,1,5,NA
453078,2015,1,5,5
453079,2015,1,5,4.333333333
453080,2015,1,5,5
453082,2015,1,5,NA
453083,2015,1,5,NA
453084,2015,1,5,5
453085,2015,1,5,NA
453086,2015,1,5,3.857142857
453087,2015,1,5,2.857142857
453088,2015,1,5,4.285714286
453089,2015,1,5,4.5
453090,2015,1,5,3.571428571
453091,2015,1,5,NA
453092,2015,1,5,3.142857143
453093,2015,1,5,5
453094,2015,1,5,4.428571429
453095,2015,1,5,NA
453097,2015,1,5,3.285714286
453098,2015,1,5,5
453099,2015,1,5,3.428571429
453100,2015,1,5,4.875
453106,2015,1,5,5
453107,2015,1,5,NA
453108,2015,1,5,5
453109,2015,1,5,4.75
453110,2015,1,5,5
454002,2015,1,5,4.75
454003,2015,1,5,4.8
454004,2015,1,5,5
454005,2015,1,5,4.428571429
454006,2015,1,5,5
454007,2015,1,5,4.875
454008,2015,1,5,5
454009,2015,1,5,4.714285714
454010,2015,1,5,4
454011,2015,1,5,4.333333333
454012,2015,1,5,4.875
454013,2015,1,5,5
454015,2015,1,5,5
454017,2015,1,5,4.571428571
454018,2015,1,5,5
454019,2015,1,5,4.875
454021,2015,1,5,5
454022,2015,1,5,4
454023,2015,1,5,4.142857143
454024,2015,1,5,4.75
454025,2015,1,5,3.75
454026,2015,1,5,NA
454027,2015,1,5,3.714285714
454028,2015,1,5,4.333333333
454029,2015,1,5,3.428571429
454030,2015,1,5,4.5
454032,2015,1,5,4.6
454033,2015,1,5,5
454034,2015,1,5,4.857142857
452001,2015,1,6,NA
452002,2015,1,6,4.5
452003,2015,1,6,5
452004,2015,1,6,NA
452005,2015,1,6,4.666666667
452006,2015,1,6,4.5
452007,2015,1,6,5
452008,2015,1,6,5
452009,2015,1,6,4.666666667
452010,2015,1,6,5
452012,2015,1,6,3.875
452013,2015,1,6,4.714285714
452014,2015,1,6,NA
452015,2015,1,6,4.75
452016,2015,1,6,4.75
452017,2015,1,6,4.5
452018,2015,1,6,5
452019,2015,1,6,NA
452020,2015,1,6,NA
452021,2015,1,6,5
452022,2015,1,6,4.75
452023,2015,1,6,NA
452024,2015,1,6,NA
452027,2015,1,6,5
452028,2015,1,6,4
452029,2015,1,6,NA
452030,2015,1,6,4.75
452031,2015,1,6,4.875
452032,2015,1,6,4.428571429
452033,2015,1,6,4.875
452034,2015,1,6,5
452035,2015,1,6,4.75
452036,2015,1,6,5
452037,2015,1,6,5
452038,2015,1,6,5
452039,2015,1,6,NA
452040,2015,1,6,5
452042,2015,1,6,4.428571429
452043,2015,1,6,4.166666667
452044,2015,1,6,2.166666667
452045,2015,1,6,NA
452046,2015,1,6,4.714285714
452047,2015,1,6,5
452048,2015,1,6,5
452049,2015,1,6,NA
452050,2015,1,6,5
452051,2015,1,6,4.875
452058,2015,1,6,NA
452059,2015,1,6,5
452060,2015,1,6,NA
452061,2015,1,6,4.875
452062,2015,1,6,4.75
452063,2015,1,6,4.571428571
452065,2015,1,6,4.5
452067,2015,1,6,4.5
452068,2015,1,6,4.875
452069,2015,1,6,4.857142857
452070,2015,1,6,NA
452072,2015,1,6,NA
452073,2015,1,6,NA
452074,2015,1,6,NA
452075,2015,1,6,5
452076,2015,1,6,5
452077,2015,1,6,3.5
452079,2015,1,6,NA
452080,2015,1,6,4.428571429
452081,2015,1,6,4.25
452082,2015,1,6,4.428571429
452083,2015,1,6,4.714285714
452084,2015,1,6,5
452085,2015,1,6,5
452087,2015,1,6,NA
452088,2015,1,6,NA
452089,2015,1,6,NA
452091,2015,1,6,5
452092,2015,1,6,4.625
452093,2015,1,6,5
452094,2015,1,6,4.375
452095,2015,1,6,5
452096,2015,1,6,3.285714286
452097,2015,1,6,NA
452098,2015,1,6,4.285714286
452099,2015,1,6,4.857142857
452100,2015,1,6,4.125
452102,2015,1,6,5
452103,2015,1,6,3.714285714
452104,2015,1,6,4.714285714
452105,2015,1,6,5
452106,2015,1,6,5
452107,2015,1,6,NA
453001,2015,1,6,4.5
453002,2015,1,6,5
453003,2015,1,6,4.166666667
453004,2015,1,6,4.875
453005,2015,1,6,NA
453007,2015,1,6,5
453008,2015,1,6,NA
453009,2015,1,6,4.857142857
453010,2015,1,6,5
453011,2015,1,6,5
453012,2015,1,6,NA
453013,2015,1,6,5
453014,2015,1,6,5
453015,2015,1,6,NA
453016,2015,1,6,NA
453017,2015,1,6,5
453018,2015,1,6,5
453020,2015,1,6,4.714285714
453022,2015,1,6,NA
453023,2015,1,6,5
453024,2015,1,6,5
453025,2015,1,6,NA
453026,2015,1,6,3.5
453027,2015,1,6,4.428571429
453028,2015,1,6,5
453029,2015,1,6,5
453030,2015,1,6,2.8
453031,2015,1,6,5
453032,2015,1,6,NA
453033,2015,1,6,NA
453034,2015,1,6,NA
453035,2015,1,6,NA
453037,2015,1,6,NA
453038,2015,1,6,5
453039,2015,1,6,5
453040,2015,1,6,4.5
453042,2015,1,6,NA
453043,2015,1,6,NA
453044,2015,1,6,4.625
453045,2015,1,6,NA
453046,2015,1,6,4.5
453047,2015,1,6,5
453048,2015,1,6,4
453049,2015,1,6,NA
453050,2015,1,6,5
453052,2015,1,6,4.666666667
453053,2015,1,6,NA
453054,2015,1,6,4.375
453056,2015,1,6,5
453057,2015,1,6,4.5
453058,2015,1,6,4.857142857
453059,2015,1,6,3.833333333
453060,2015,1,6,5
453061,2015,1,6,4.625
453062,2015,1,6,4.833333333
453063,2015,1,6,3.5
453064,2015,1,6,4.571428571
453065,2015,1,6,2.375
453067,2015,1,6,5
453068,2015,1,6,NA
453069,2015,1,6,5
453070,2015,1,6,NA
453071,2015,1,6,5
453072,2015,1,6,4.714285714
453073,2015,1,6,NA
453074,2015,1,6,NA
453075,2015,1,6,3.75
453076,2015,1,6,5
453077,2015,1,6,NA
453078,2015,1,6,5
453079,2015,1,6,4.333333333
453080,2015,1,6,4.875
453082,2015,1,6,NA
453083,2015,1,6,NA
453084,2015,1,6,5
453085,2015,1,6,NA
453086,2015,1,6,3.571428571
453087,2015,1,6,3.142857143
453088,2015,1,6,4.428571429
453089,2015,1,6,4.625
453090,2015,1,6,3.571428571
453091,2015,1,6,NA
453092,2015,1,6,3.714285714
453093,2015,1,6,5
453094,2015,1,6,4.428571429
453095,2015,1,6,NA
453097,2015,1,6,3.571428571
453098,2015,1,6,5
453099,2015,1,6,3.857142857
453100,2015,1,6,4.875
453106,2015,1,6,5
453107,2015,1,6,NA
453108,2015,1,6,5
453109,2015,1,6,4.875
453110,2015,1,6,5
454002,2015,1,6,4.75
454003,2015,1,6,5
454004,2015,1,6,5
454005,2015,1,6,4.571428571
454006,2015,1,6,5
454007,2015,1,6,5
454008,2015,1,6,5
454009,2015,1,6,4.857142857
454010,2015,1,6,4.285714286
454011,2015,1,6,4.666666667
454012,2015,1,6,4.75
454013,2015,1,6,5
454015,2015,1,6,5
454017,2015,1,6,5
454018,2015,1,6,5
454019,2015,1,6,5
454021,2015,1,6,5
454022,2015,1,6,4.571428571
454023,2015,1,6,4.857142857
454024,2015,1,6,4.875
454025,2015,1,6,3.75
454026,2015,1,6,NA
454027,2015,1,6,3.857142857
454028,2015,1,6,4.333333333
454029,2015,1,6,3.428571429
454030,2015,1,6,5
454032,2015,1,6,5
454033,2015,1,6,5
454034,2015,1,6,5
452001,2015,2,3,NA
452002,2015,2,3,1.571428571
452003,2015,2,3,1
452004,2015,2,3,NA
452005,2015,2,3,1
452006,2015,2,3,1.4
452007,2015,2,3,1
452008,2015,2,3,1.25
452009,2015,2,3,1.25
452010,2015,2,3,1.75
452012,2015,2,3,1
452013,2015,2,3,1
452014,2015,2,3,NA
452015,2015,2,3,1
452016,2015,2,3,1
452017,2015,2,3,1
452018,2015,2,3,1
452019,2015,2,3,NA
452020,2015,2,3,NA
452021,2015,2,3,1.125
452022,2015,2,3,1
452023,2015,2,3,NA
452024,2015,2,3,NA
452027,2015,2,3,1
452028,2015,2,3,1
452029,2015,2,3,NA
452030,2015,2,3,1
452031,2015,2,3,1
452032,2015,2,3,1.125
452033,2015,2,3,1.125
452034,2015,2,3,1.125
452035,2015,2,3,1.166666667
452036,2015,2,3,2
452037,2015,2,3,1
452038,2015,2,3,1.375
452039,2015,2,3,NA
452040,2015,2,3,1.25
452042,2015,2,3,1
452043,2015,2,3,1
452044,2015,2,3,1
452045,2015,2,3,NA
452046,2015,2,3,1
452047,2015,2,3,1
452048,2015,2,3,2.5
452049,2015,2,3,NA
452050,2015,2,3,1.25
452051,2015,2,3,1.875
452058,2015,2,3,NA
452059,2015,2,3,1.125
452060,2015,2,3,NA
452061,2015,2,3,1
452062,2015,2,3,1
452063,2015,2,3,1
452065,2015,2,3,1
452067,2015,2,3,1
452068,2015,2,3,1
452069,2015,2,3,1
452070,2015,2,3,NA
452072,2015,2,3,NA
452073,2015,2,3,NA
452074,2015,2,3,NA
452075,2015,2,3,1
452076,2015,2,3,1
452077,2015,2,3,1
452079,2015,2,3,NA
452080,2015,2,3,1
452081,2015,2,3,1
452082,2015,2,3,1
452083,2015,2,3,1
452084,2015,2,3,1
452085,2015,2,3,2.375
452087,2015,2,3,NA
452088,2015,2,3,NA
452089,2015,2,3,NA
452091,2015,2,3,1
452092,2015,2,3,1
452093,2015,2,3,1
452094,2015,2,3,1.857142857
452095,2015,2,3,1.333333333
452096,2015,2,3,1.142857143
452097,2015,2,3,NA
452098,2015,2,3,1
452099,2015,2,3,1.125
452100,2015,2,3,1
452102,2015,2,3,1.75
452103,2015,2,3,1.125
452104,2015,2,3,1
452105,2015,2,3,1.142857143
452106,2015,2,3,1
452107,2015,2,3,NA
453001,2015,2,3,1.125
453002,2015,2,3,2.857142857
453003,2015,2,3,1.428571429
453004,2015,2,3,1
453005,2015,2,3,NA
453007,2015,2,3,1.5
453008,2015,2,3,NA
453009,2015,2,3,1.125
453010,2015,2,3,1.875
453011,2015,2,3,1.125
453012,2015,2,3,NA
453013,2015,2,3,1.285714286
453014,2015,2,3,1
453015,2015,2,3,NA
453016,2015,2,3,NA
453017,2015,2,3,1.125
453018,2015,2,3,3
453020,2015,2,3,1
453022,2015,2,3,NA
453023,2015,2,3,1.125
453024,2015,2,3,1
453025,2015,2,3,NA
453026,2015,2,3,1
453027,2015,2,3,1
453028,2015,2,3,1.857142857
453029,2015,2,3,2.428571429
453030,2015,2,3,1
453031,2015,2,3,1.285714286
453032,2015,2,3,NA
453033,2015,2,3,NA
453034,2015,2,3,NA
453035,2015,2,3,NA
453037,2015,2,3,NA
453038,2015,2,3,1
453039,2015,2,3,1
453040,2015,2,3,1
453042,2015,2,3,NA
453043,2015,2,3,NA
453044,2015,2,3,1
453045,2015,2,3,NA
453046,2015,2,3,1
453047,2015,2,3,1.375
453048,2015,2,3,1
453049,2015,2,3,1.857142857
453050,2015,2,3,1
453052,2015,2,3,1
453053,2015,2,3,NA
453054,2015,2,3,1
453056,2015,2,3,1
453057,2015,2,3,1
453058,2015,2,3,1
453059,2015,2,3,NA
453060,2015,2,3,1
453061,2015,2,3,1
453062,2015,2,3,1
453063,2015,2,3,1
453064,2015,2,3,1
453065,2015,2,3,1
453067,2015,2,3,1.5
453068,2015,2,3,NA
453069,2015,2,3,1
453070,2015,2,3,NA
453071,2015,2,3,1
453072,2015,2,3,NA
453073,2015,2,3,1
453074,2015,2,3,NA
453075,2015,2,3,1
453076,2015,2,3,1.166666667
453077,2015,2,3,1.375
453078,2015,2,3,NA
453079,2015,2,3,1
453080,2015,2,3,1
453082,2015,2,3,NA
453083,2015,2,3,NA
453084,2015,2,3,1.25
453085,2015,2,3,NA
453086,2015,2,3,1
453087,2015,2,3,1
453088,2015,2,3,1
453089,2015,2,3,1.125
453090,2015,2,3,1
453091,2015,2,3,NA
453092,2015,2,3,1
453093,2015,2,3,1
453094,2015,2,3,1
453095,2015,2,3,NA
453097,2015,2,3,1
453098,2015,2,3,1.25
453099,2015,2,3,1
453100,2015,2,3,1.5
453106,2015,2,3,1
453107,2015,2,3,NA
453108,2015,2,3,1.75
453109,2015,2,3,1
453110,2015,2,3,1
454002,2015,2,3,1
454003,2015,2,3,1
454004,2015,2,3,1.75
454005,2015,2,3,1
454006,2015,2,3,1
454007,2015,2,3,1
454008,2015,2,3,1
454009,2015,2,3,1
454010,2015,2,3,1.125
454011,2015,2,3,1
454012,2015,2,3,1
454013,2015,2,3,1
454015,2015,2,3,1.142857143
454017,2015,2,3,1
454018,2015,2,3,1
454019,2015,2,3,1.625
454021,2015,2,3,1.125
454022,2015,2,3,1
454023,2015,2,3,1
454024,2015,2,3,1
454025,2015,2,3,1
454026,2015,2,3,NA
454027,2015,2,3,1
454028,2015,2,3,1
454029,2015,2,3,1
454030,2015,2,3,1
454032,2015,2,3,1
454033,2015,2,3,1
454034,2015,2,3,1.25
452001,2015,2,4,NA
452002,2015,2,4,4.428571429
452003,2015,2,4,2.428571429
452004,2015,2,4,NA
452005,2015,2,4,1.428571429
452006,2015,2,4,4.4
452007,2015,2,4,2.5
452008,2015,2,4,4.5
452009,2015,2,4,4.625
452010,2015,2,4,4.25
452012,2015,2,4,2
452013,2015,2,4,3.125
452014,2015,2,4,NA
452015,2015,2,4,4.375
452016,2015,2,4,3
452017,2015,2,4,1
452018,2015,2,4,3.714285714
452019,2015,2,4,NA
452020,2015,2,4,NA
452021,2015,2,4,4.125
452022,2015,2,4,3.375
452023,2015,2,4,NA
452024,2015,2,4,NA
452027,2015,2,4,4.25
452028,2015,2,4,2.375
452029,2015,2,4,NA
452030,2015,2,4,4.375
452031,2015,2,4,3.5
452032,2015,2,4,3.25
452033,2015,2,4,5
452034,2015,2,4,3.875
452035,2015,2,4,2.333333333
452036,2015,2,4,4.625
452037,2015,2,4,3.125
452038,2015,2,4,4.5
452039,2015,2,4,NA
452040,2015,2,4,4.625
452042,2015,2,4,3.25
452043,2015,2,4,1.5
452044,2015,2,4,2.5
452045,2015,2,4,NA
452046,2015,2,4,2.5
452047,2015,2,4,1.5
452048,2015,2,4,4.75
452049,2015,2,4,NA
452050,2015,2,4,4.625
452051,2015,2,4,4.125
452058,2015,2,4,NA
452059,2015,2,4,3.875
452060,2015,2,4,NA
452061,2015,2,4,1.857142857
452062,2015,2,4,1.571428571
452063,2015,2,4,3.25
452065,2015,2,4,2.375
452067,2015,2,4,4.25
452068,2015,2,4,1.875
452069,2015,2,4,2
452070,2015,2,4,NA
452072,2015,2,4,NA
452073,2015,2,4,NA
452074,2015,2,4,NA
452075,2015,2,4,3.125
452076,2015,2,4,2.285714286
452077,2015,2,4,2.5
452079,2015,2,4,NA
452080,2015,2,4,1.857142857
452081,2015,2,4,2.125
452082,2015,2,4,2.875
452083,2015,2,4,1.714285714
452084,2015,2,4,2
452085,2015,2,4,5
452087,2015,2,4,NA
452088,2015,2,4,NA
452089,2015,2,4,NA
452091,2015,2,4,2.714285714
452092,2015,2,4,2.333333333
452093,2015,2,4,3.375
452094,2015,2,4,5
452095,2015,2,4,3.833333333
452096,2015,2,4,3.142857143
452097,2015,2,4,NA
452098,2015,2,4,1.875
452099,2015,2,4,4
452100,2015,2,4,2.666666667
452102,2015,2,4,4.875
452103,2015,2,4,3.75
452104,2015,2,4,1.125
452105,2015,2,4,2.857142857
452106,2015,2,4,2.625
452107,2015,2,4,NA
453001,2015,2,4,3
453002,2015,2,4,4.714285714
453003,2015,2,4,4.142857143
453004,2015,2,4,2.75
453005,2015,2,4,NA
453007,2015,2,4,3
453008,2015,2,4,NA
453009,2015,2,4,3.625
453010,2015,2,4,4.125
453011,2015,2,4,3.75
453012,2015,2,4,NA
453013,2015,2,4,4.285714286
453014,2015,2,4,1.75
453015,2015,2,4,NA
453016,2015,2,4,NA
453017,2015,2,4,4.125
453018,2015,2,4,4.875
453020,2015,2,4,1.875
453022,2015,2,4,NA
453023,2015,2,4,4.125
453024,2015,2,4,4
453025,2015,2,4,NA
453026,2015,2,4,1.625
453027,2015,2,4,4.25
453028,2015,2,4,4.285714286
453029,2015,2,4,4.571428571
453030,2015,2,4,1.125
453031,2015,2,4,5
453032,2015,2,4,NA
453033,2015,2,4,NA
453034,2015,2,4,NA
453035,2015,2,4,NA
453037,2015,2,4,NA
453038,2015,2,4,2.875
453039,2015,2,4,1.5
453040,2015,2,4,1
453042,2015,2,4,NA
453043,2015,2,4,NA
453044,2015,2,4,2.428571429
453045,2015,2,4,NA
453046,2015,2,4,3.428571429
453047,2015,2,4,3.75
453048,2015,2,4,3.285714286
453049,2015,2,4,4.571428571
453050,2015,2,4,2.25
453052,2015,2,4,4.75
453053,2015,2,4,NA
453054,2015,2,4,2.625
453056,2015,2,4,3
453057,2015,2,4,3.25
453058,2015,2,4,1.875
453059,2015,2,4,NA
453060,2015,2,4,1.125
453061,2015,2,4,2
453062,2015,2,4,4
453063,2015,2,4,2.428571429
453064,2015,2,4,3.25
453065,2015,2,4,2.125
453067,2015,2,4,4.875
453068,2015,2,4,NA
453069,2015,2,4,3
453070,2015,2,4,NA
453071,2015,2,4,2.875
453072,2015,2,4,NA
453073,2015,2,4,2.285714286
453074,2015,2,4,NA
453075,2015,2,4,1.5
453076,2015,2,4,4.666666667
453077,2015,2,4,4.375
453078,2015,2,4,NA
453079,2015,2,4,4.25
453080,2015,2,4,2.857142857
453082,2015,2,4,NA
453083,2015,2,4,NA
453084,2015,2,4,3
453085,2015,2,4,NA
453086,2015,2,4,2.625
453087,2015,2,4,1.428571429
453088,2015,2,4,1.375
453089,2015,2,4,3.25
453090,2015,2,4,1.571428571
453091,2015,2,4,NA
453092,2015,2,4,1.571428571
453093,2015,2,4,3.285714286
453094,2015,2,4,1.875
453095,2015,2,4,NA
453097,2015,2,4,2
453098,2015,2,4,4.375
453099,2015,2,4,2.625
453100,2015,2,4,4.833333333
453106,2015,2,4,3.25
453107,2015,2,4,NA
453108,2015,2,4,4.875
453109,2015,2,4,1.25
453110,2015,2,4,4
454002,2015,2,4,1.75
454003,2015,2,4,3
454004,2015,2,4,3.625
454005,2015,2,4,1.875
454006,2015,2,4,3
454007,2015,2,4,3.5
454008,2015,2,4,2.5
454009,2015,2,4,4.125
454010,2015,2,4,3.375
454011,2015,2,4,1.666666667
454012,2015,2,4,3
454013,2015,2,4,4.375
454015,2015,2,4,2.857142857
454017,2015,2,4,1.625
454018,2015,2,4,3.875
454019,2015,2,4,3.25
454021,2015,2,4,2.75
454022,2015,2,4,2.875
454023,2015,2,4,1.625
454024,2015,2,4,1.875
454025,2015,2,4,2.125
454026,2015,2,4,NA
454027,2015,2,4,1
454028,2015,2,4,1.375
454029,2015,2,4,1.625
454030,2015,2,4,2.25
454032,2015,2,4,2.5
454033,2015,2,4,1.428571429
454034,2015,2,4,4.125
452001,2015,2,5,NA
452002,2015,2,5,4.714285714
452003,2015,2,5,4.285714286
452004,2015,2,5,NA
452005,2015,2,5,3.571428571
452006,2015,2,5,5
452007,2015,2,5,4.375
452008,2015,2,5,4.875
452009,2015,2,5,4.875
452010,2015,2,5,4.875
452012,2015,2,5,3.714285714
452013,2015,2,5,4.625
452014,2015,2,5,NA
452015,2015,2,5,5
452016,2015,2,5,4.5
452017,2015,2,5,2.5
452018,2015,2,5,5
452019,2015,2,5,NA
452020,2015,2,5,NA
452021,2015,2,5,5
452022,2015,2,5,4.5
452023,2015,2,5,NA
452024,2015,2,5,NA
452027,2015,2,5,5
452028,2015,2,5,4.125
452029,2015,2,5,NA
452030,2015,2,5,5
452031,2015,2,5,5
452032,2015,2,5,5
452033,2015,2,5,5
452034,2015,2,5,5
452035,2015,2,5,4.833333333
452036,2015,2,5,5
452037,2015,2,5,4.375
452038,2015,2,5,5
452039,2015,2,5,NA
452040,2015,2,5,5
452042,2015,2,5,4.625
452043,2015,2,5,3.875
452044,2015,2,5,2.75
452045,2015,2,5,NA
452046,2015,2,5,4.714285714
452047,2015,2,5,3.25
452048,2015,2,5,5
452049,2015,2,5,NA
452050,2015,2,5,4.875
452051,2015,2,5,4.25
452058,2015,2,5,NA
452059,2015,2,5,5
452060,2015,2,5,NA
452061,2015,2,5,3.428571429
452062,2015,2,5,4
452063,2015,2,5,4.75
452065,2015,2,5,3.875
452067,2015,2,5,5
452068,2015,2,5,3.75
452069,2015,2,5,4.25
452070,2015,2,5,NA
452072,2015,2,5,NA
452073,2015,2,5,NA
452074,2015,2,5,NA
452075,2015,2,5,4.625
452076,2015,2,5,3.571428571
452077,2015,2,5,2.833333333
452079,2015,2,5,NA
452080,2015,2,5,3.428571429
452081,2015,2,5,4.5
452082,2015,2,5,4.375
452083,2015,2,5,3.142857143
452084,2015,2,5,3.714285714
452085,2015,2,5,5
452087,2015,2,5,NA
452088,2015,2,5,NA
452089,2015,2,5,NA
452091,2015,2,5,4.571428571
452092,2015,2,5,3.666666667
452093,2015,2,5,4.5
452094,2015,2,5,5
452095,2015,2,5,5
452096,2015,2,5,3.285714286
452097,2015,2,5,NA
452098,2015,2,5,3
452099,2015,2,5,5
452100,2015,2,5,4.333333333
452102,2015,2,5,5
452103,2015,2,5,4
452104,2015,2,5,2.75
452105,2015,2,5,4.142857143
452106,2015,2,5,4.25
452107,2015,2,5,NA
453001,2015,2,5,4
453002,2015,2,5,5
453003,2015,2,5,4.857142857
453004,2015,2,5,4.25
453005,2015,2,5,NA
453007,2015,2,5,4.875
453008,2015,2,5,NA
453009,2015,2,5,5
453010,2015,2,5,4.625
453011,2015,2,5,4.625
453012,2015,2,5,NA
453013,2015,2,5,4.857142857
453014,2015,2,5,3.75
453015,2015,2,5,NA
453016,2015,2,5,NA
453017,2015,2,5,5
453018,2015,2,5,5
453020,2015,2,5,4.75
453022,2015,2,5,NA
453023,2015,2,5,5
453024,2015,2,5,5
453025,2015,2,5,NA
453026,2015,2,5,3.5
453027,2015,2,5,5
453028,2015,2,5,5
453029,2015,2,5,5
453030,2015,2,5,1.875
453031,2015,2,5,5
453032,2015,2,5,NA
453033,2015,2,5,NA
453034,2015,2,5,NA
453035,2015,2,5,NA
453037,2015,2,5,NA
453038,2015,2,5,4.625
453039,2015,2,5,4
453040,2015,2,5,2.25
453042,2015,2,5,NA
453043,2015,2,5,NA
453044,2015,2,5,3.571428571
453045,2015,2,5,NA
453046,2015,2,5,4.666666667
453047,2015,2,5,4.875
453048,2015,2,5,5
453049,2015,2,5,5
453050,2015,2,5,4.125
453052,2015,2,5,4.875
453053,2015,2,5,NA
453054,2015,2,5,4.375
453056,2015,2,5,4.428571429
453057,2015,2,5,4.75
453058,2015,2,5,3.375
453059,2015,2,5,NA
453060,2015,2,5,3
453061,2015,2,5,3.125
453062,2015,2,5,4.625
453063,2015,2,5,3.857142857
453064,2015,2,5,4.375
453065,2015,2,5,3.25
453067,2015,2,5,5
453068,2015,2,5,NA
453069,2015,2,5,4.75
453070,2015,2,5,NA
453071,2015,2,5,4.375
453072,2015,2,5,NA
453073,2015,2,5,3.142857143
453074,2015,2,5,NA
453075,2015,2,5,3.625
453076,2015,2,5,5
453077,2015,2,5,4.875
453078,2015,2,5,NA
453079,2015,2,5,5
453080,2015,2,5,4.428571429
453082,2015,2,5,NA
453083,2015,2,5,NA
453084,2015,2,5,4.25
453085,2015,2,5,NA
453086,2015,2,5,3.75
453087,2015,2,5,3
453088,2015,2,5,3.25
453089,2015,2,5,4.625
453090,2015,2,5,2.714285714
453091,2015,2,5,NA
453092,2015,2,5,4.142857143
453093,2015,2,5,5
453094,2015,2,5,3.625
453095,2015,2,5,NA
453097,2015,2,5,3.142857143
453098,2015,2,5,4.875
453099,2015,2,5,4.5
453100,2015,2,5,5
453106,2015,2,5,4.875
453107,2015,2,5,NA
453108,2015,2,5,5
453109,2015,2,5,3.625
453110,2015,2,5,5
454002,2015,2,5,3.5
454003,2015,2,5,5
454004,2015,2,5,4.875
454005,2015,2,5,3.5
454006,2015,2,5,4.625
454007,2015,2,5,4.75
454008,2015,2,5,4.625
454009,2015,2,5,4.5
454010,2015,2,5,3.75
454011,2015,2,5,3.833333333
454012,2015,2,5,4.25
454013,2015,2,5,4.875
454015,2015,2,5,4.857142857
454017,2015,2,5,3.5
454018,2015,2,5,4.875
454019,2015,2,5,4.625
454021,2015,2,5,4.875
454022,2015,2,5,4.875
454023,2015,2,5,3.625
454024,2015,2,5,3.5
454025,2015,2,5,3.75
454026,2015,2,5,NA
454027,2015,2,5,2
454028,2015,2,5,3
454029,2015,2,5,2.75
454030,2015,2,5,3.875
454032,2015,2,5,3.625
454033,2015,2,5,4.142857143
454034,2015,2,5,5
452001,2015,2,6,NA
452002,2015,2,6,4.857142857
452003,2015,2,6,4.714285714
452004,2015,2,6,NA
452005,2015,2,6,3.857142857
452006,2015,2,6,5
452007,2015,2,6,4.75
452008,2015,2,6,4.875
452009,2015,2,6,5
452010,2015,2,6,4.875
452012,2015,2,6,4.428571429
452013,2015,2,6,4.5
452014,2015,2,6,NA
452015,2015,2,6,5
452016,2015,2,6,4.5
452017,2015,2,6,3.25
452018,2015,2,6,5
452019,2015,2,6,NA
452020,2015,2,6,NA
452021,2015,2,6,5
452022,2015,2,6,4.75
452023,2015,2,6,NA
452024,2015,2,6,NA
452027,2015,2,6,5
452028,2015,2,6,4
452029,2015,2,6,NA
452030,2015,2,6,5
452031,2015,2,6,4.833333333
452032,2015,2,6,5
452033,2015,2,6,5
452034,2015,2,6,5
452035,2015,2,6,5
452036,2015,2,6,5
452037,2015,2,6,4.875
452038,2015,2,6,5
452039,2015,2,6,NA
452040,2015,2,6,5
452042,2015,2,6,4.625
452043,2015,2,6,4.375
452044,2015,2,6,2.5
452045,2015,2,6,NA
452046,2015,2,6,5
452047,2015,2,6,3.375
452048,2015,2,6,5
452049,2015,2,6,NA
452050,2015,2,6,5
452051,2015,2,6,4.125
452058,2015,2,6,NA
452059,2015,2,6,5
452060,2015,2,6,NA
452061,2015,2,6,3.875
452062,2015,2,6,4.714285714
452063,2015,2,6,4.875
452065,2015,2,6,4
452067,2015,2,6,5
452068,2015,2,6,4.5
452069,2015,2,6,4.375
452070,2015,2,6,NA
452072,2015,2,6,NA
452073,2015,2,6,NA
452074,2015,2,6,NA
452075,2015,2,6,4.75
452076,2015,2,6,3.857142857
452077,2015,2,6,2.666666667
452079,2015,2,6,NA
452080,2015,2,6,3.571428571
452081,2015,2,6,4.625
452082,2015,2,6,4.75
452083,2015,2,6,3.428571429
452084,2015,2,6,4.142857143
452085,2015,2,6,5
452087,2015,2,6,NA
452088,2015,2,6,NA
452089,2015,2,6,NA
452091,2015,2,6,4.714285714
452092,2015,2,6,3.5
452093,2015,2,6,4.75
452094,2015,2,6,5
452095,2015,2,6,5
452096,2015,2,6,3.571428571
452097,2015,2,6,NA
452098,2015,2,6,3.125
452099,2015,2,6,5
452100,2015,2,6,4.833333333
452102,2015,2,6,5
452103,2015,2,6,4
452104,2015,2,6,3.875
452105,2015,2,6,4.142857143
452106,2015,2,6,4.625
452107,2015,2,6,NA
453001,2015,2,6,3.5
453002,2015,2,6,5
453003,2015,2,6,5
453004,2015,2,6,4.25
453005,2015,2,6,NA
453007,2015,2,6,5
453008,2015,2,6,NA
453009,2015,2,6,5
453010,2015,2,6,4.875
453011,2015,2,6,4.75
453012,2015,2,6,NA
453013,2015,2,6,4.857142857
453014,2015,2,6,4.125
453015,2015,2,6,NA
453016,2015,2,6,NA
453017,2015,2,6,5
453018,2015,2,6,5
453020,2015,2,6,4.875
453022,2015,2,6,NA
453023,2015,2,6,5
453024,2015,2,6,4.875
453025,2015,2,6,NA
453026,2015,2,6,3.75
453027,2015,2,6,5
453028,2015,2,6,5
453029,2015,2,6,5
453030,2015,2,6,2
453031,2015,2,6,5
453032,2015,2,6,NA
453033,2015,2,6,NA
453034,2015,2,6,NA
453035,2015,2,6,NA
453037,2015,2,6,NA
453038,2015,2,6,4.75
453039,2015,2,6,4.5
453040,2015,2,6,2.875
453042,2015,2,6,NA
453043,2015,2,6,NA
453044,2015,2,6,4.285714286
453045,2015,2,6,NA
453046,2015,2,6,4.857142857
453047,2015,2,6,4.875
453048,2015,2,6,5
453049,2015,2,6,5
453050,2015,2,6,4.375
453052,2015,2,6,5
453053,2015,2,6,NA
453054,2015,2,6,4.375
453056,2015,2,6,4.571428571
453057,2015,2,6,5
453058,2015,2,6,3.5
453059,2015,2,6,NA
453060,2015,2,6,3.5
453061,2015,2,6,3.142857143
453062,2015,2,6,4.875
453063,2015,2,6,4
453064,2015,2,6,4.375
453065,2015,2,6,3
453067,2015,2,6,5
453068,2015,2,6,NA
453069,2015,2,6,5
453070,2015,2,6,NA
453071,2015,2,6,4.375
453072,2015,2,6,NA
453073,2015,2,6,3.714285714
453074,2015,2,6,NA
453075,2015,2,6,4.25
453076,2015,2,6,5
453077,2015,2,6,5
453078,2015,2,6,NA
453079,2015,2,6,5
453080,2015,2,6,4.857142857
453082,2015,2,6,NA
453083,2015,2,6,NA
453084,2015,2,6,4.75
453085,2015,2,6,NA
453086,2015,2,6,3.75
453087,2015,2,6,2.857142857
453088,2015,2,6,3.75
453089,2015,2,6,5
453090,2015,2,6,2.571428571
453091,2015,2,6,NA
453092,2015,2,6,4.714285714
453093,2015,2,6,5
453094,2015,2,6,4.125
453095,2015,2,6,NA
453097,2015,2,6,3.285714286
453098,2015,2,6,5
453099,2015,2,6,4.75
453100,2015,2,6,5
453106,2015,2,6,5
453107,2015,2,6,NA
453108,2015,2,6,5
453109,2015,2,6,4.625
453110,2015,2,6,5
454002,2015,2,6,3.625
454003,2015,2,6,5
454004,2015,2,6,4.875
454005,2015,2,6,3.75
454006,2015,2,6,4.875
454007,2015,2,6,5
454008,2015,2,6,4.75
454009,2015,2,6,4.75
454010,2015,2,6,3.75
454011,2015,2,6,4.166666667
454012,2015,2,6,4.5
454013,2015,2,6,4.75
454015,2015,2,6,5
454017,2015,2,6,3.75
454018,2015,2,6,5
454019,2015,2,6,4.75
454021,2015,2,6,4.875
454022,2015,2,6,4.875
454023,2015,2,6,4.5
454024,2015,2,6,3.375
454025,2015,2,6,4.125
454026,2015,2,6,NA
454027,2015,2,6,2
454028,2015,2,6,3.5
454029,2015,2,6,2.5
454030,2015,2,6,4.125
454032,2015,2,6,4
454033,2015,2,6,4.714285714
454034,2015,2,6,5
452001,2015,3,3,NA
452002,2015,3,3,1
452003,2015,3,3,1
452004,2015,3,3,NA
452005,2015,3,3,1
452006,2015,3,3,1.25
452007,2015,3,3,1
452008,2015,3,3,1
452009,2015,3,3,1.125
452010,2015,3,3,1
452012,2015,3,3,1
452013,2015,3,3,1
452014,2015,3,3,NA
452015,2015,3,3,1
452016,2015,3,3,1
452017,2015,3,3,1
452018,2015,3,3,1.125
452019,2015,3,3,NA
452020,2015,3,3,NA
452021,2015,3,3,1
452022,2015,3,3,1
452023,2015,3,3,NA
452024,2015,3,3,NA
452027,2015,3,3,1
452028,2015,3,3,1
452029,2015,3,3,NA
452030,2015,3,3,1
452031,2015,3,3,1
452032,2015,3,3,1
452033,2015,3,3,1.125
452034,2015,3,3,1
452035,2015,3,3,1
452036,2015,3,3,1
452037,2015,3,3,1
452038,2015,3,3,1.142857143
452039,2015,3,3,NA
452040,2015,3,3,1
452042,2015,3,3,1
452043,2015,3,3,1.125
452044,2015,3,3,1.125
452045,2015,3,3,NA
452046,2015,3,3,1
452047,2015,3,3,1
452048,2015,3,3,1.25
452049,2015,3,3,NA
452050,2015,3,3,1
452051,2015,3,3,1
452058,2015,3,3,NA
452059,2015,3,3,1
452060,2015,3,3,NA
452061,2015,3,3,1
452062,2015,3,3,1
452063,2015,3,3,1
452065,2015,3,3,1
452067,2015,3,3,1
452068,2015,3,3,1.285714286
452069,2015,3,3,1
452070,2015,3,3,NA
452072,2015,3,3,NA
452073,2015,3,3,NA
452074,2015,3,3,NA
452075,2015,3,3,1
452076,2015,3,3,1
452077,2015,3,3,1
452079,2015,3,3,NA
452080,2015,3,3,1
452081,2015,3,3,1
452082,2015,3,3,1.285714286
452083,2015,3,3,1
452084,2015,3,3,1
452085,2015,3,3,1.714285714
452087,2015,3,3,NA
452088,2015,3,3,NA
452089,2015,3,3,NA
452091,2015,3,3,1
452092,2015,3,3,1
452093,2015,3,3,1
452094,2015,3,3,1
452095,2015,3,3,1
452096,2015,3,3,1
452097,2015,3,3,NA
452098,2015,3,3,1
452099,2015,3,3,1
452100,2015,3,3,1
452102,2015,3,3,1.5
452103,2015,3,3,1
452104,2015,3,3,1
452105,2015,3,3,1.166666667
452106,2015,3,3,1.125
452107,2015,3,3,NA
453001,2015,3,3,1
453002,2015,3,3,1
453003,2015,3,3,1
453004,2015,3,3,1
453005,2015,3,3,NA
453007,2015,3,3,1.25
453008,2015,3,3,NA
453009,2015,3,3,1
453010,2015,3,3,1
453011,2015,3,3,1
453012,2015,3,3,NA
453013,2015,3,3,1.125
453014,2015,3,3,1
453015,2015,3,3,NA
453016,2015,3,3,NA
453017,2015,3,3,1.333333333
453018,2015,3,3,1
453020,2015,3,3,1
453022,2015,3,3,NA
453023,2015,3,3,1
453024,2015,3,3,1
453025,2015,3,3,NA
453026,2015,3,3,1
453027,2015,3,3,1
453028,2015,3,3,1
453029,2015,3,3,1
453030,2015,3,3,1
453031,2015,3,3,1
453032,2015,3,3,NA
453033,2015,3,3,NA
453034,2015,3,3,NA
453035,2015,3,3,NA
453037,2015,3,3,NA
453038,2015,3,3,1
453039,2015,3,3,1
453040,2015,3,3,1
453042,2015,3,3,NA
453043,2015,3,3,NA
453044,2015,3,3,1
453045,2015,3,3,NA
453046,2015,3,3,1
453047,2015,3,3,1
453048,2015,3,3,1
453049,2015,3,3,1
453050,2015,3,3,1
453052,2015,3,3,1.25
453053,2015,3,3,NA
453054,2015,3,3,1
453056,2015,3,3,1
453057,2015,3,3,1
453058,2015,3,3,1
453059,2015,3,3,1
453060,2015,3,3,1
453061,2015,3,3,1
453062,2015,3,3,1
453063,2015,3,3,1
453064,2015,3,3,1
453065,2015,3,3,1
453067,2015,3,3,1.428571429
453068,2015,3,3,NA
453069,2015,3,3,1
453070,2015,3,3,NA
453071,2015,3,3,1
453072,2015,3,3,NA
453073,2015,3,3,1
453074,2015,3,3,NA
453075,2015,3,3,1
453076,2015,3,3,1
453077,2015,3,3,1.875
453078,2015,3,3,NA
453079,2015,3,3,1
453080,2015,3,3,1
453082,2015,3,3,NA
453083,2015,3,3,NA
453084,2015,3,3,1
453085,2015,3,3,NA
453086,2015,3,3,1
453087,2015,3,3,1
453088,2015,3,3,1
453089,2015,3,3,1
453090,2015,3,3,1
453091,2015,3,3,NA
453092,2015,3,3,1
453093,2015,3,3,1
453094,2015,3,3,1
453095,2015,3,3,NA
453097,2015,3,3,1
453098,2015,3,3,1
453099,2015,3,3,1
453100,2015,3,3,1
453106,2015,3,3,1
453107,2015,3,3,NA
453108,2015,3,3,1
453109,2015,3,3,1
453110,2015,3,3,1
454002,2015,3,3,1
454003,2015,3,3,1
454004,2015,3,3,1
454005,2015,3,3,1
454006,2015,3,3,1
454007,2015,3,3,1
454008,2015,3,3,1
454009,2015,3,3,1.428571429
454010,2015,3,3,1.125
454011,2015,3,3,1
454012,2015,3,3,1
454013,2015,3,3,1
454015,2015,3,3,1
454017,2015,3,3,1.125
454018,2015,3,3,1
454019,2015,3,3,1
454021,2015,3,3,1
454022,2015,3,3,1
454023,2015,3,3,1.142857143
454024,2015,3,3,1
454025,2015,3,3,1
454026,2015,3,3,NA
454027,2015,3,3,1
454028,2015,3,3,1
454029,2015,3,3,1
454030,2015,3,3,1
454032,2015,3,3,1
454033,2015,3,3,1
454034,2015,3,3,1
452001,2015,3,4,NA
452002,2015,3,4,1.5
452003,2015,3,4,1
452004,2015,3,4,NA
452005,2015,3,4,1
452006,2015,3,4,2.125
452007,2015,3,4,1
452008,2015,3,4,1.285714286
452009,2015,3,4,1.125
452010,2015,3,4,2
452012,2015,3,4,1
452013,2015,3,4,1.428571429
452014,2015,3,4,NA
452015,2015,3,4,1.285714286
452016,2015,3,4,1
452017,2015,3,4,1
452018,2015,3,4,1.625
452019,2015,3,4,NA
452020,2015,3,4,NA
452021,2015,3,4,1.625
452022,2015,3,4,2
452023,2015,3,4,NA
452024,2015,3,4,NA
452027,2015,3,4,1.625
452028,2015,3,4,1
452029,2015,3,4,NA
452030,2015,3,4,1.125
452031,2015,3,4,1.625
452032,2015,3,4,1
452033,2015,3,4,2
452034,2015,3,4,1.25
452035,2015,3,4,1.75
452036,2015,3,4,1.142857143
452037,2015,3,4,1
452038,2015,3,4,1
452039,2015,3,4,NA
452040,2015,3,4,1.625
452042,2015,3,4,1
452043,2015,3,4,1.125
452044,2015,3,4,1.125
452045,2015,3,4,NA
452046,2015,3,4,1
452047,2015,3,4,1.625
452048,2015,3,4,1.5
452049,2015,3,4,NA
452050,2015,3,4,1
452051,2015,3,4,1
452058,2015,3,4,NA
452059,2015,3,4,1
452060,2015,3,4,NA
452061,2015,3,4,1
452062,2015,3,4,1
452063,2015,3,4,1
452065,2015,3,4,1.142857143
452067,2015,3,4,1.375
452068,2015,3,4,2.428571429
452069,2015,3,4,1.125
452070,2015,3,4,NA
452072,2015,3,4,NA
452073,2015,3,4,NA
452074,2015,3,4,NA
452075,2015,3,4,1.142857143
452076,2015,3,4,1
452077,2015,3,4,1.2
452079,2015,3,4,NA
452080,2015,3,4,1.714285714
452081,2015,3,4,1
452082,2015,3,4,1.285714286
452083,2015,3,4,1
452084,2015,3,4,1
452085,2015,3,4,2.714285714
452087,2015,3,4,NA
452088,2015,3,4,NA
452089,2015,3,4,NA
452091,2015,3,4,1.25
452092,2015,3,4,1.625
452093,2015,3,4,2
452094,2015,3,4,2
452095,2015,3,4,1.375
452096,2015,3,4,1.75
452097,2015,3,4,NA
452098,2015,3,4,1.125
452099,2015,3,4,1.375
452100,2015,3,4,1.285714286
452102,2015,3,4,2.25
452103,2015,3,4,1.125
452104,2015,3,4,1
452105,2015,3,4,1
452106,2015,3,4,1.75
452107,2015,3,4,NA
453001,2015,3,4,1
453002,2015,3,4,1.166666667
453003,2015,3,4,1
453004,2015,3,4,1
453005,2015,3,4,NA
453007,2015,3,4,3.625
453008,2015,3,4,NA
453009,2015,3,4,1
453010,2015,3,4,1.428571429
453011,2015,3,4,1.428571429
453012,2015,3,4,NA
453013,2015,3,4,1.25
453014,2015,3,4,1.375
453015,2015,3,4,NA
453016,2015,3,4,NA
453017,2015,3,4,2.333333333
453018,2015,3,4,1.8
453020,2015,3,4,1
453022,2015,3,4,NA
453023,2015,3,4,1.375
453024,2015,3,4,1
453025,2015,3,4,NA
453026,2015,3,4,1
453027,2015,3,4,1
453028,2015,3,4,1.285714286
453029,2015,3,4,1.25
453030,2015,3,4,1
453031,2015,3,4,2.125
453032,2015,3,4,NA
453033,2015,3,4,NA
453034,2015,3,4,NA
453035,2015,3,4,NA
453037,2015,3,4,NA
453038,2015,3,4,1.5
453039,2015,3,4,1
453040,2015,3,4,1.142857143
453042,2015,3,4,NA
453043,2015,3,4,NA
453044,2015,3,4,1
453045,2015,3,4,NA
453046,2015,3,4,1.166666667
453047,2015,3,4,1
453048,2015,3,4,1
453049,2015,3,4,1
453050,2015,3,4,1
453052,2015,3,4,4
453053,2015,3,4,NA
453054,2015,3,4,1.625
453056,2015,3,4,1.125
453057,2015,3,4,1.375
453058,2015,3,4,1.142857143
453059,2015,3,4,1
453060,2015,3,4,1
453061,2015,3,4,1
453062,2015,3,4,1
453063,2015,3,4,1
453064,2015,3,4,1.25
453065,2015,3,4,1
453067,2015,3,4,2.285714286
453068,2015,3,4,NA
453069,2015,3,4,1
453070,2015,3,4,NA
453071,2015,3,4,1
453072,2015,3,4,NA
453073,2015,3,4,1
453074,2015,3,4,NA
453075,2015,3,4,1
453076,2015,3,4,1.125
453077,2015,3,4,2.375
453078,2015,3,4,NA
453079,2015,3,4,1.25
453080,2015,3,4,1
453082,2015,3,4,NA
453083,2015,3,4,NA
453084,2015,3,4,1
453085,2015,3,4,NA
453086,2015,3,4,1
453087,2015,3,4,1
453088,2015,3,4,1
453089,2015,3,4,1.428571429
453090,2015,3,4,1
453091,2015,3,4,NA
453092,2015,3,4,1
453093,2015,3,4,2.571428571
453094,2015,3,4,1.125
453095,2015,3,4,NA
453097,2015,3,4,1
453098,2015,3,4,1.125
453099,2015,3,4,1.25
453100,2015,3,4,1
453106,2015,3,4,1
453107,2015,3,4,NA
453108,2015,3,4,1
453109,2015,3,4,1
453110,2015,3,4,2
454002,2015,3,4,1
454003,2015,3,4,2.333333333
454004,2015,3,4,1
454005,2015,3,4,1
454006,2015,3,4,1.875
454007,2015,3,4,1
454008,2015,3,4,3.375
454009,2015,3,4,2.285714286
454010,2015,3,4,1.125
454011,2015,3,4,1
454012,2015,3,4,1
454013,2015,3,4,1
454015,2015,3,4,1.142857143
454017,2015,3,4,2
454018,2015,3,4,1.125
454019,2015,3,4,1
454021,2015,3,4,1
454022,2015,3,4,1
454023,2015,3,4,1
454024,2015,3,4,1
454025,2015,3,4,1
454026,2015,3,4,NA
454027,2015,3,4,1
454028,2015,3,4,1.125
454029,2015,3,4,1
454030,2015,3,4,1
454032,2015,3,4,1
454033,2015,3,4,1.75
454034,2015,3,4,1
452001,2015,3,5,NA
452002,2015,3,5,3.375
452003,2015,3,5,2
452004,2015,3,5,NA
452005,2015,3,5,3.25
452006,2015,3,5,4.5
452007,2015,3,5,2.375
452008,2015,3,5,4.142857143
452009,2015,3,5,3.75
452010,2015,3,5,4
452012,2015,3,5,2
452013,2015,3,5,4.285714286
452014,2015,3,5,NA
452015,2015,3,5,4.428571429
452016,2015,3,5,2.571428571
452017,2015,3,5,1
452018,2015,3,5,4.375
452019,2015,3,5,NA
452020,2015,3,5,NA
452021,2015,3,5,4.25
452022,2015,3,5,4.625
452023,2015,3,5,NA
452024,2015,3,5,NA
452027,2015,3,5,4.875
452028,2015,3,5,4.333333333
452029,2015,3,5,NA
452030,2015,3,5,3
452031,2015,3,5,4.5
452032,2015,3,5,3.375
452033,2015,3,5,5
452034,2015,3,5,3.875
452035,2015,3,5,4.125
452036,2015,3,5,3.571428571
452037,2015,3,5,2.857142857
452038,2015,3,5,4
452039,2015,3,5,NA
452040,2015,3,5,5
452042,2015,3,5,4.25
452043,2015,3,5,1.75
452044,2015,3,5,2.75
452045,2015,3,5,NA
452046,2015,3,5,2.714285714
452047,2015,3,5,3.75
452048,2015,3,5,3.5
452049,2015,3,5,NA
452050,2015,3,5,3.75
452051,2015,3,5,2.166666667
452058,2015,3,5,NA
452059,2015,3,5,3.142857143
452060,2015,3,5,NA
452061,2015,3,5,1.625
452062,2015,3,5,3.571428571
452063,2015,3,5,3.285714286
452065,2015,3,5,3.714285714
452067,2015,3,5,3.5
452068,2015,3,5,4.142857143
452069,2015,3,5,2.625
452070,2015,3,5,NA
452072,2015,3,5,NA
452073,2015,3,5,NA
452074,2015,3,5,NA
452075,2015,3,5,2.571428571
452076,2015,3,5,2.25
452077,2015,3,5,2.8
452079,2015,3,5,NA
452080,2015,3,5,3.714285714
452081,2015,3,5,1.875
452082,2015,3,5,3.857142857
452083,2015,3,5,1.428571429
452084,2015,3,5,2.875
452085,2015,3,5,5
452087,2015,3,5,NA
452088,2015,3,5,NA
452089,2015,3,5,NA
452091,2015,3,5,2.125
452092,2015,3,5,2.375
452093,2015,3,5,4.285714286
452094,2015,3,5,3.857142857
452095,2015,3,5,4.375
452096,2015,3,5,4.875
452097,2015,3,5,NA
452098,2015,3,5,3
452099,2015,3,5,2.875
452100,2015,3,5,3.428571429
452102,2015,3,5,4.25
452103,2015,3,5,4
452104,2015,3,5,1.285714286
452105,2015,3,5,2.166666667
452106,2015,3,5,4
452107,2015,3,5,NA
453001,2015,3,5,3
453002,2015,3,5,4
453003,2015,3,5,4
453004,2015,3,5,2.714285714
453005,2015,3,5,NA
453007,2015,3,5,4.375
453008,2015,3,5,NA
453009,2015,3,5,2.375
453010,2015,3,5,2.857142857
453011,2015,3,5,4.857142857
453012,2015,3,5,NA
453013,2015,3,5,4.75
453014,2015,3,5,1.875
453015,2015,3,5,NA
453016,2015,3,5,NA
453017,2015,3,5,5
453018,2015,3,5,4.6
453020,2015,3,5,3
453022,2015,3,5,NA
453023,2015,3,5,3.5
453024,2015,3,5,4.25
453025,2015,3,5,NA
453026,2015,3,5,1.875
453027,2015,3,5,2.5
453028,2015,3,5,2.285714286
453029,2015,3,5,4.75
453030,2015,3,5,2
453031,2015,3,5,4.5
453032,2015,3,5,NA
453033,2015,3,5,NA
453034,2015,3,5,NA
453035,2015,3,5,NA
453037,2015,3,5,NA
453038,2015,3,5,4.25
453039,2015,3,5,1.2
453040,2015,3,5,2.857142857
453042,2015,3,5,NA
453043,2015,3,5,NA
453044,2015,3,5,3.5
453045,2015,3,5,NA
453046,2015,3,5,2.333333333
453047,2015,3,5,2.625
453048,2015,3,5,4
453049,2015,3,5,1.625
453050,2015,3,5,2.666666667
453052,2015,3,5,4.125
453053,2015,3,5,NA
453054,2015,3,5,3.75
453056,2015,3,5,2.5
453057,2015,3,5,2.625
453058,2015,3,5,2.857142857
453059,2015,3,5,1.833333333
453060,2015,3,5,3.25
453061,2015,3,5,1.625
453062,2015,3,5,2.75
453063,2015,3,5,3.375
453064,2015,3,5,3.375
453065,2015,3,5,2.285714286
453067,2015,3,5,4.428571429
453068,2015,3,5,NA
453069,2015,3,5,2.428571429
453070,2015,3,5,NA
453071,2015,3,5,3.571428571
453072,2015,3,5,NA
453073,2015,3,5,3.857142857
453074,2015,3,5,NA
453075,2015,3,5,2
453076,2015,3,5,4.125
453077,2015,3,5,4.375
453078,2015,3,5,NA
453079,2015,3,5,2.25
453080,2015,3,5,2.375
453082,2015,3,5,NA
453083,2015,3,5,NA
453084,2015,3,5,2.875
453085,2015,3,5,NA
453086,2015,3,5,2.571428571
453087,2015,3,5,1.5
453088,2015,3,5,3.5
453089,2015,3,5,3.5
453090,2015,3,5,2.142857143
453091,2015,3,5,NA
453092,2015,3,5,3.714285714
453093,2015,3,5,4.714285714
453094,2015,3,5,2.875
453095,2015,3,5,NA
453097,2015,3,5,1.5
453098,2015,3,5,4.125
453099,2015,3,5,3.75
453100,2015,3,5,4.5
453106,2015,3,5,4.285714286
453107,2015,3,5,NA
453108,2015,3,5,2.5
453109,2015,3,5,1.125
453110,2015,3,5,4
454002,2015,3,5,1.666666667
454003,2015,3,5,3.833333333
454004,2015,3,5,2
454005,2015,3,5,2.857142857
454006,2015,3,5,3.5
454007,2015,3,5,1.875
454008,2015,3,5,4.75
454009,2015,3,5,5
454010,2015,3,5,3.375
454011,2015,3,5,2.857142857
454012,2015,3,5,3
454013,2015,3,5,3.75
454015,2015,3,5,4.428571429
454017,2015,3,5,4.375
454018,2015,3,5,4
454019,2015,3,5,3
454021,2015,3,5,3.714285714
454022,2015,3,5,2.5
454023,2015,3,5,1
454024,2015,3,5,2.142857143
454025,2015,3,5,1.714285714
454026,2015,3,5,NA
454027,2015,3,5,1.375
454028,2015,3,5,4.25
454029,2015,3,5,2.666666667
454030,2015,3,5,3.833333333
454032,2015,3,5,1.4
454033,2015,3,5,3.625
454034,2015,3,5,2.125
452001,2015,3,6,NA
452002,2015,3,6,3.25
452003,2015,3,6,2.142857143
452004,2015,3,6,NA
452005,2015,3,6,3.625
452006,2015,3,6,4.5
452007,2015,3,6,3.5
452008,2015,3,6,4.428571429
452009,2015,3,6,4
452010,2015,3,6,4.142857143
452012,2015,3,6,2.625
452013,2015,3,6,4.428571429
452014,2015,3,6,NA
452015,2015,3,6,4.428571429
452016,2015,3,6,2.714285714
452017,2015,3,6,1.125
452018,2015,3,6,4.25
452019,2015,3,6,NA
452020,2015,3,6,NA
452021,2015,3,6,4.375
452022,2015,3,6,4.75
452023,2015,3,6,NA
452024,2015,3,6,NA
452027,2015,3,6,4.875
452028,2015,3,6,4.333333333
452029,2015,3,6,NA
452030,2015,3,6,3.375
452031,2015,3,6,4.625
452032,2015,3,6,3.5
452033,2015,3,6,5
452034,2015,3,6,4.625
452035,2015,3,6,4.625
452036,2015,3,6,3.857142857
452037,2015,3,6,3.285714286
452038,2015,3,6,4.142857143
452039,2015,3,6,NA
452040,2015,3,6,5
452042,2015,3,6,4.375
452043,2015,3,6,2.75
452044,2015,3,6,2.875
452045,2015,3,6,NA
452046,2015,3,6,4
452047,2015,3,6,3.75
452048,2015,3,6,3.5
452049,2015,3,6,NA
452050,2015,3,6,3.875
452051,2015,3,6,2.833333333
452058,2015,3,6,NA
452059,2015,3,6,3.142857143
452060,2015,3,6,NA
452061,2015,3,6,2.625
452062,2015,3,6,4
452063,2015,3,6,3.285714286
452065,2015,3,6,3.428571429
452067,2015,3,6,3.875
452068,2015,3,6,4.142857143
452069,2015,3,6,2.875
452070,2015,3,6,NA
452072,2015,3,6,NA
452073,2015,3,6,NA
452074,2015,3,6,NA
452075,2015,3,6,2.428571429
452076,2015,3,6,2.625
452077,2015,3,6,2.4
452079,2015,3,6,NA
452080,2015,3,6,4
452081,2015,3,6,2.75
452082,2015,3,6,4.428571429
452083,2015,3,6,2.142857143
452084,2015,3,6,3.375
452085,2015,3,6,5
452087,2015,3,6,NA
452088,2015,3,6,NA
452089,2015,3,6,NA
452091,2015,3,6,2.625
452092,2015,3,6,2.625
452093,2015,3,6,4.428571429
452094,2015,3,6,4
452095,2015,3,6,4.375
452096,2015,3,6,4.5
452097,2015,3,6,NA
452098,2015,3,6,3.125
452099,2015,3,6,3.125
452100,2015,3,6,3.714285714
452102,2015,3,6,4.625
452103,2015,3,6,4
452104,2015,3,6,1.857142857
452105,2015,3,6,2.5
452106,2015,3,6,4.375
452107,2015,3,6,NA
453001,2015,3,6,3.428571429
453002,2015,3,6,4.333333333
453003,2015,3,6,4.142857143
453004,2015,3,6,3.571428571
453005,2015,3,6,NA
453007,2015,3,6,4.625
453008,2015,3,6,NA
453009,2015,3,6,2.875
453010,2015,3,6,3.571428571
453011,2015,3,6,4.857142857
453012,2015,3,6,NA
453013,2015,3,6,4.875
453014,2015,3,6,2.25
453015,2015,3,6,NA
453016,2015,3,6,NA
453017,2015,3,6,4.5
453018,2015,3,6,4.8
453020,2015,3,6,3.428571429
453022,2015,3,6,NA
453023,2015,3,6,3.75
453024,2015,3,6,4.875
453025,2015,3,6,NA
453026,2015,3,6,2.75
453027,2015,3,6,2.875
453028,2015,3,6,2.714285714
453029,2015,3,6,4.625
453030,2015,3,6,2
453031,2015,3,6,5
453032,2015,3,6,NA
453033,2015,3,6,NA
453034,2015,3,6,NA
453035,2015,3,6,NA
453037,2015,3,6,NA
453038,2015,3,6,4.25
453039,2015,3,6,1.6
453040,2015,3,6,3
453042,2015,3,6,NA
453043,2015,3,6,NA
453044,2015,3,6,3.5
453045,2015,3,6,NA
453046,2015,3,6,2.5
453047,2015,3,6,3
453048,2015,3,6,4.25
453049,2015,3,6,2.5
453050,2015,3,6,3
453052,2015,3,6,4.625
453053,2015,3,6,NA
453054,2015,3,6,3.75
453056,2015,3,6,2.875
453057,2015,3,6,3.5
453058,2015,3,6,3.142857143
453059,2015,3,6,1.833333333
453060,2015,3,6,3.625
453061,2015,3,6,2.125
453062,2015,3,6,3.125
453063,2015,3,6,3.625
453064,2015,3,6,3.375
453065,2015,3,6,2.428571429
453067,2015,3,6,4.571428571
453068,2015,3,6,NA
453069,2015,3,6,2.714285714
453070,2015,3,6,NA
453071,2015,3,6,3.571428571
453072,2015,3,6,NA
453073,2015,3,6,4.142857143
453074,2015,3,6,NA
453075,2015,3,6,2.5
453076,2015,3,6,4.5
453077,2015,3,6,4.5
453078,2015,3,6,NA
453079,2015,3,6,3.125
453080,2015,3,6,2.75
453082,2015,3,6,NA
453083,2015,3,6,NA
453084,2015,3,6,3.375
453085,2015,3,6,NA
453086,2015,3,6,2.428571429
453087,2015,3,6,2
453088,2015,3,6,3.75
453089,2015,3,6,3.571428571
453090,2015,3,6,2.142857143
453091,2015,3,6,NA
453092,2015,3,6,4.571428571
453093,2015,3,6,4.857142857
453094,2015,3,6,3
453095,2015,3,6,NA
453097,2015,3,6,2.125
453098,2015,3,6,4.5
453099,2015,3,6,3.75
453100,2015,3,6,4.625
453106,2015,3,6,4.714285714
453107,2015,3,6,NA
453108,2015,3,6,3.166666667
453109,2015,3,6,2
453110,2015,3,6,4.5
454002,2015,3,6,1.833333333
454003,2015,3,6,4
454004,2015,3,6,2.285714286
454005,2015,3,6,3
454006,2015,3,6,3.625
454007,2015,3,6,2.375
454008,2015,3,6,4.875
454009,2015,3,6,5
454010,2015,3,6,3.5
454011,2015,3,6,3.142857143
454012,2015,3,6,3.142857143
454013,2015,3,6,4.25
454015,2015,3,6,5
454017,2015,3,6,4.875
454018,2015,3,6,4.25
454019,2015,3,6,3.375
454021,2015,3,6,3.857142857
454022,2015,3,6,3
454023,2015,3,6,1.428571429
454024,2015,3,6,2.428571429
454025,2015,3,6,1.857142857
454026,2015,3,6,NA
454027,2015,3,6,1.625
454028,2015,3,6,4.625
454029,2015,3,6,2.666666667
454030,2015,3,6,4.5
454032,2015,3,6,2.6
454033,2015,3,6,4.25
454034,2015,3,6,3.25
452001,2016,1,3,2.875
452002,2016,1,3,NA
452003,2016,1,3,2
452004,2016,1,3,NA
452005,2016,1,3,2.375
452006,2016,1,3,1
452007,2016,1,3,1
452008,2016,1,3,1.25
452009,2016,1,3,1
452010,2016,1,3,1.125
452012,2016,1,3,1
452013,2016,1,3,1.25
452014,2016,1,3,NA
452015,2016,1,3,2
452016,2016,1,3,2
452017,2016,1,3,NA
452018,2016,1,3,1.875
452019,2016,1,3,NA
452020,2016,1,3,NA
452021,2016,1,3,2.25
452022,2016,1,3,2.125
452023,2016,1,3,NA
452024,2016,1,3,NA
452027,2016,1,3,1
452028,2016,1,3,1
452029,2016,1,3,NA
452030,2016,1,3,3.142857143
452031,2016,1,3,1
452032,2016,1,3,1.125
452033,2016,1,3,2.428571429
452034,2016,1,3,1.625
452035,2016,1,3,1
452036,2016,1,3,1.25
452037,2016,1,3,1
452038,2016,1,3,1
452039,2016,1,3,NA
452040,2016,1,3,1.428571429
452042,2016,1,3,1.125
452043,2016,1,3,1
452044,2016,1,3,1
452045,2016,1,3,NA
452046,2016,1,3,1
452047,2016,1,3,1.333333333
452048,2016,1,3,1.428571429
452049,2016,1,3,NA
452050,2016,1,3,1.75
452051,2016,1,3,2.75
452058,2016,1,3,NA
452059,2016,1,3,1.125
452060,2016,1,3,NA
452061,2016,1,3,1
452062,2016,1,3,1.142857143
452063,2016,1,3,1.666666667
452065,2016,1,3,1
452067,2016,1,3,1
452068,2016,1,3,1
452069,2016,1,3,1.375
452070,2016,1,3,NA
452072,2016,1,3,NA
452073,2016,1,3,NA
452074,2016,1,3,NA
452075,2016,1,3,1
452076,2016,1,3,1
452077,2016,1,3,1
452079,2016,1,3,1.125
452080,2016,1,3,1
452081,2016,1,3,1
452082,2016,1,3,1
452083,2016,1,3,1
452084,2016,1,3,1
452085,2016,1,3,1.857142857
452087,2016,1,3,NA
452088,2016,1,3,NA
452089,2016,1,3,NA
452091,2016,1,3,1
452092,2016,1,3,1
452093,2016,1,3,NA
452094,2016,1,3,1
452095,2016,1,3,1.25
452096,2016,1,3,1.375
452097,2016,1,3,NA
452098,2016,1,3,1
452099,2016,1,3,1.285714286
452100,2016,1,3,1
452102,2016,1,3,1
452103,2016,1,3,1.285714286
452104,2016,1,3,1
452105,2016,1,3,1
452106,2016,1,3,1
452107,2016,1,3,NA
453001,2016,1,3,1
453002,2016,1,3,1.25
453003,2016,1,3,1
453004,2016,1,3,1
453005,2016,1,3,NA
453007,2016,1,3,1.857142857
453008,2016,1,3,NA
453009,2016,1,3,1.125
453010,2016,1,3,1
453011,2016,1,3,1.142857143
453012,2016,1,3,NA
453013,2016,1,3,1.625
453014,2016,1,3,1
453015,2016,1,3,NA
453016,2016,1,3,NA
453017,2016,1,3,1
453018,2016,1,3,2.714285714
453020,2016,1,3,NA
453022,2016,1,3,NA
453023,2016,1,3,1.142857143
453024,2016,1,3,1.125
453025,2016,1,3,NA
453026,2016,1,3,1
453027,2016,1,3,1
453028,2016,1,3,1.125
453029,2016,1,3,1.625
453030,2016,1,3,NA
453031,2016,1,3,2.333333333
453032,2016,1,3,NA
453033,2016,1,3,NA
453034,2016,1,3,NA
453035,2016,1,3,NA
453037,2016,1,3,NA
453038,2016,1,3,1
453039,2016,1,3,1
453040,2016,1,3,1
453042,2016,1,3,NA
453043,2016,1,3,NA
453044,2016,1,3,1.375
453045,2016,1,3,NA
453046,2016,1,3,1
453047,2016,1,3,1.142857143
453048,2016,1,3,1.25
453049,2016,1,3,2.125
453050,2016,1,3,1.125
453052,2016,1,3,2.625
453053,2016,1,3,NA
453054,2016,1,3,1
453056,2016,1,3,1
453057,2016,1,3,1.166666667
453058,2016,1,3,1.625
453059,2016,1,3,1
453060,2016,1,3,1
453061,2016,1,3,1
453062,2016,1,3,1.142857143
453063,2016,1,3,1
453064,2016,1,3,1
453065,2016,1,3,1
453067,2016,1,3,1.75
453068,2016,1,3,NA
453069,2016,1,3,1
453070,2016,1,3,NA
453071,2016,1,3,1
453072,2016,1,3,NA
453073,2016,1,3,1
453074,2016,1,3,NA
453075,2016,1,3,1
453076,2016,1,3,1
453077,2016,1,3,1
453078,2016,1,3,NA
453079,2016,1,3,1
453080,2016,1,3,1
453082,2016,1,3,NA
453083,2016,1,3,NA
453084,2016,1,3,1
453085,2016,1,3,NA
453086,2016,1,3,1
453087,2016,1,3,1
453088,2016,1,3,1
453089,2016,1,3,NA
453090,2016,1,3,1
453091,2016,1,3,NA
453092,2016,1,3,NA
453093,2016,1,3,1
453094,2016,1,3,1.142857143
453095,2016,1,3,NA
453097,2016,1,3,1
453098,2016,1,3,1.5
453099,2016,1,3,1.125
453100,2016,1,3,3.625
453106,2016,1,3,2
453107,2016,1,3,NA
453108,2016,1,3,1
453109,2016,1,3,1
453110,2016,1,3,1
454002,2016,1,3,1
454003,2016,1,3,1.125
454004,2016,1,3,1
454005,2016,1,3,1
454006,2016,1,3,1.125
454007,2016,1,3,1.75
454008,2016,1,3,2.125
454009,2016,1,3,2
454010,2016,1,3,1.285714286
454011,2016,1,3,1
454012,2016,1,3,1.25
454013,2016,1,3,1.875
454015,2016,1,3,1
454017,2016,1,3,1.125
454018,2016,1,3,3.125
454019,2016,1,3,1.142857143
454021,2016,1,3,1
454022,2016,1,3,1
454023,2016,1,3,1
454024,2016,1,3,1
454025,2016,1,3,1
454026,2016,1,3,NA
454027,2016,1,3,1
454028,2016,1,3,1
454029,2016,1,3,1.285714286
454030,2016,1,3,1.125
454032,2016,1,3,1.25
454033,2016,1,3,NA
454034,2016,1,3,1
452001,2016,1,4,4
452002,2016,1,4,NA
452003,2016,1,4,5
452004,2016,1,4,NA
452005,2016,1,4,5
452006,2016,1,4,3.25
452007,2016,1,4,3
452008,2016,1,4,3
452009,2016,1,4,2.875
452010,2016,1,4,4
452012,2016,1,4,2.857142857
452013,2016,1,4,4.125
452014,2016,1,4,NA
452015,2016,1,4,4.625
452016,2016,1,4,4.75
452017,2016,1,4,NA
452018,2016,1,4,3.625
452019,2016,1,4,NA
452020,2016,1,4,NA
452021,2016,1,4,4.625
452022,2016,1,4,4.75
452023,2016,1,4,NA
452024,2016,1,4,NA
452027,2016,1,4,2.5
452028,2016,1,4,2.428571429
452029,2016,1,4,NA
452030,2016,1,4,5
452031,2016,1,4,4.428571429
452032,2016,1,4,3
452033,2016,1,4,5
452034,2016,1,4,4.5
452035,2016,1,4,4
452036,2016,1,4,4
452037,2016,1,4,3.714285714
452038,2016,1,4,1.25
452039,2016,1,4,NA
452040,2016,1,4,3.142857143
452042,2016,1,4,3
452043,2016,1,4,3.5
452044,2016,1,4,2.125
452045,2016,1,4,NA
452046,2016,1,4,4
452047,2016,1,4,5
452048,2016,1,4,3.428571429
452049,2016,1,4,NA
452050,2016,1,4,5
452051,2016,1,4,5
452058,2016,1,4,NA
452059,2016,1,4,2.625
452060,2016,1,4,NA
452061,2016,1,4,4.142857143
452062,2016,1,4,4.428571429
452063,2016,1,4,4.166666667
452065,2016,1,4,2.857142857
452067,2016,1,4,1.5
452068,2016,1,4,1.142857143
452069,2016,1,4,4.5
452070,2016,1,4,NA
452072,2016,1,4,NA
452073,2016,1,4,NA
452074,2016,1,4,NA
452075,2016,1,4,3.625
452076,2016,1,4,2.625
452077,2016,1,4,1.142857143
452079,2016,1,4,3.5
452080,2016,1,4,1.125
452081,2016,1,4,3
452082,2016,1,4,3.5
452083,2016,1,4,1.166666667
452084,2016,1,4,2
452085,2016,1,4,4
452087,2016,1,4,NA
452088,2016,1,4,NA
452089,2016,1,4,NA
452091,2016,1,4,3.75
452092,2016,1,4,1
452093,2016,1,4,NA
452094,2016,1,4,4.75
452095,2016,1,4,4
452096,2016,1,4,4.375
452097,2016,1,4,NA
452098,2016,1,4,2.5
452099,2016,1,4,4
452100,2016,1,4,2.142857143
452102,2016,1,4,4.375
452103,2016,1,4,2.714285714
452104,2016,1,4,2.857142857
452105,2016,1,4,1.875
452106,2016,1,4,3.5
452107,2016,1,4,NA
453001,2016,1,4,2.714285714
453002,2016,1,4,5
453003,2016,1,4,1.625
453004,2016,1,4,3.285714286
453005,2016,1,4,NA
453007,2016,1,4,4
453008,2016,1,4,NA
453009,2016,1,4,4
453010,2016,1,4,5
453011,2016,1,4,2.571428571
453012,2016,1,4,NA
453013,2016,1,4,5
453014,2016,1,4,2.25
453015,2016,1,4,NA
453016,2016,1,4,NA
453017,2016,1,4,1.833333333
453018,2016,1,4,5
453020,2016,1,4,NA
453022,2016,1,4,NA
453023,2016,1,4,4.428571429
453024,2016,1,4,4.5
453025,2016,1,4,NA
453026,2016,1,4,1.75
453027,2016,1,4,2.625
453028,2016,1,4,3.125
453029,2016,1,4,5
453030,2016,1,4,NA
453031,2016,1,4,3.666666667
453032,2016,1,4,NA
453033,2016,1,4,NA
453034,2016,1,4,NA
453035,2016,1,4,NA
453037,2016,1,4,NA
453038,2016,1,4,3.285714286
453039,2016,1,4,1.125
453040,2016,1,4,3.125
453042,2016,1,4,NA
453043,2016,1,4,NA
453044,2016,1,4,3.125
453045,2016,1,4,NA
453046,2016,1,4,1
453047,2016,1,4,2.714285714
453048,2016,1,4,3.875
453049,2016,1,4,5
453050,2016,1,4,2.125
453052,2016,1,4,5
453053,2016,1,4,NA
453054,2016,1,4,3.75
453056,2016,1,4,1.75
453057,2016,1,4,4.666666667
453058,2016,1,4,4.5
453059,2016,1,4,2
453060,2016,1,4,2.142857143
453061,2016,1,4,2.375
453062,2016,1,4,4
453063,2016,1,4,1.833333333
453064,2016,1,4,4.142857143
453065,2016,1,4,2
453067,2016,1,4,4.25
453068,2016,1,4,NA
453069,2016,1,4,3.285714286
453070,2016,1,4,NA
453071,2016,1,4,3.75
453072,2016,1,4,NA
453073,2016,1,4,5
453074,2016,1,4,NA
453075,2016,1,4,2.285714286
453076,2016,1,4,2.857142857
453077,2016,1,4,4
453078,2016,1,4,NA
453079,2016,1,4,4.625
453080,2016,1,4,3
453082,2016,1,4,NA
453083,2016,1,4,NA
453084,2016,1,4,2.166666667
453085,2016,1,4,NA
453086,2016,1,4,3.714285714
453087,2016,1,4,1.125
453088,2016,1,4,3.75
453089,2016,1,4,NA
453090,2016,1,4,3.5
453091,2016,1,4,NA
453092,2016,1,4,NA
453093,2016,1,4,2.375
453094,2016,1,4,4.428571429
453095,2016,1,4,NA
453097,2016,1,4,3.875
453098,2016,1,4,4.625
453099,2016,1,4,3.5
453100,2016,1,4,5
453106,2016,1,4,5
453107,2016,1,4,NA
453108,2016,1,4,3
453109,2016,1,4,1
453110,2016,1,4,4.5
454002,2016,1,4,2.125
454003,2016,1,4,4
454004,2016,1,4,3
454005,2016,1,4,2
454006,2016,1,4,3.5
454007,2016,1,4,4
454008,2016,1,4,5
454009,2016,1,4,5
454010,2016,1,4,2.142857143
454011,2016,1,4,3.75
454012,2016,1,4,4.875
454013,2016,1,4,4.875
454015,2016,1,4,3
454017,2016,1,4,4.125
454018,2016,1,4,5
454019,2016,1,4,3
454021,2016,1,4,1.5
454022,2016,1,4,2.5
454023,2016,1,4,1.25
454024,2016,1,4,2.857142857
454025,2016,1,4,2.75
454026,2016,1,4,NA
454027,2016,1,4,2.125
454028,2016,1,4,3.75
454029,2016,1,4,1.857142857
454030,2016,1,4,1.5
454032,2016,1,4,4.375
454033,2016,1,4,NA
454034,2016,1,4,3
452001,2016,1,5,4
452002,2016,1,5,NA
452003,2016,1,5,5
452004,2016,1,5,NA
452005,2016,1,5,5
452006,2016,1,5,4.5
452007,2016,1,5,4.857142857
452008,2016,1,5,3
452009,2016,1,5,4.5
452010,2016,1,5,4
452012,2016,1,5,4.571428571
452013,2016,1,5,4.5
452014,2016,1,5,NA
452015,2016,1,5,5
452016,2016,1,5,5
452017,2016,1,5,NA
452018,2016,1,5,4
452019,2016,1,5,NA
452020,2016,1,5,NA
452021,2016,1,5,5
452022,2016,1,5,5
452023,2016,1,5,NA
452024,2016,1,5,NA
452027,2016,1,5,4
452028,2016,1,5,4.714285714
452029,2016,1,5,NA
452030,2016,1,5,5
452031,2016,1,5,5
452032,2016,1,5,4.125
452033,2016,1,5,5
452034,2016,1,5,4.5
452035,2016,1,5,5
452036,2016,1,5,4
452037,2016,1,5,4.571428571
452038,2016,1,5,2
452039,2016,1,5,NA
452040,2016,1,5,4
452042,2016,1,5,3
452043,2016,1,5,5
452044,2016,1,5,2.25
452045,2016,1,5,NA
452046,2016,1,5,4.5
452047,2016,1,5,5
452048,2016,1,5,3.857142857
452049,2016,1,5,NA
452050,2016,1,5,5
452051,2016,1,5,5
452058,2016,1,5,NA
452059,2016,1,5,4.5
452060,2016,1,5,NA
452061,2016,1,5,5
452062,2016,1,5,5
452063,2016,1,5,4.833333333
452065,2016,1,5,3.428571429
452067,2016,1,5,4.5
452068,2016,1,5,1.857142857
452069,2016,1,5,5
452070,2016,1,5,NA
452072,2016,1,5,NA
452073,2016,1,5,NA
452074,2016,1,5,NA
452075,2016,1,5,5
452076,2016,1,5,4.5
452077,2016,1,5,1.571428571
452079,2016,1,5,3.75
452080,2016,1,5,1.875
452081,2016,1,5,4.428571429
452082,2016,1,5,4.625
452083,2016,1,5,4.333333333
452084,2016,1,5,2.75
452085,2016,1,5,4.428571429
452087,2016,1,5,NA
452088,2016,1,5,NA
452089,2016,1,5,NA
452091,2016,1,5,5
452092,2016,1,5,1
452093,2016,1,5,NA
452094,2016,1,5,5
452095,2016,1,5,4.25
452096,2016,1,5,4.5
452097,2016,1,5,NA
452098,2016,1,5,3.25
452099,2016,1,5,4.571428571
452100,2016,1,5,3.857142857
452102,2016,1,5,5
452103,2016,1,5,3.285714286
452104,2016,1,5,4
452105,2016,1,5,3.375
452106,2016,1,5,4.333333333
452107,2016,1,5,NA
453001,2016,1,5,4
453002,2016,1,5,5
453003,2016,1,5,1.625
453004,2016,1,5,4.285714286
453005,2016,1,5,NA
453007,2016,1,5,4.428571429
453008,2016,1,5,NA
453009,2016,1,5,4.125
453010,2016,1,5,5
453011,2016,1,5,3
453012,2016,1,5,NA
453013,2016,1,5,5
453014,2016,1,5,3.875
453015,2016,1,5,NA
453016,2016,1,5,NA
453017,2016,1,5,2.5
453018,2016,1,5,5
453020,2016,1,5,NA
453022,2016,1,5,NA
453023,2016,1,5,4.428571429
453024,2016,1,5,4.5
453025,2016,1,5,NA
453026,2016,1,5,2.625
453027,2016,1,5,3.875
453028,2016,1,5,4
453029,2016,1,5,5
453030,2016,1,5,NA
453031,2016,1,5,3.666666667
453032,2016,1,5,NA
453033,2016,1,5,NA
453034,2016,1,5,NA
453035,2016,1,5,NA
453037,2016,1,5,NA
453038,2016,1,5,4.714285714
453039,2016,1,5,2.625
453040,2016,1,5,4.875
453042,2016,1,5,NA
453043,2016,1,5,NA
453044,2016,1,5,3.75
453045,2016,1,5,NA
453046,2016,1,5,1
453047,2016,1,5,4
453048,2016,1,5,4.5
453049,2016,1,5,5
453050,2016,1,5,3.625
453052,2016,1,5,5
453053,2016,1,5,NA
453054,2016,1,5,4.25
453056,2016,1,5,3.125
453057,2016,1,5,4.833333333
453058,2016,1,5,4.875
453059,2016,1,5,2.125
453060,2016,1,5,2.285714286
453061,2016,1,5,4.25
453062,2016,1,5,5
453063,2016,1,5,3.666666667
453064,2016,1,5,5
453065,2016,1,5,4
453067,2016,1,5,4.5
453068,2016,1,5,NA
453069,2016,1,5,4
453070,2016,1,5,NA
453071,2016,1,5,5
453072,2016,1,5,NA
453073,2016,1,5,5
453074,2016,1,5,NA
453075,2016,1,5,4.428571429
453076,2016,1,5,3.857142857
453077,2016,1,5,5
453078,2016,1,5,NA
453079,2016,1,5,5
453080,2016,1,5,4.375
453082,2016,1,5,NA
453083,2016,1,5,NA
453084,2016,1,5,4.166666667
453085,2016,1,5,NA
453086,2016,1,5,4
453087,2016,1,5,1.375
453088,2016,1,5,4.625
453089,2016,1,5,NA
453090,2016,1,5,4.5
453091,2016,1,5,NA
453092,2016,1,5,NA
453093,2016,1,5,3.5
453094,2016,1,5,5
453095,2016,1,5,NA
453097,2016,1,5,5
453098,2016,1,5,5
453099,2016,1,5,4.5
453100,2016,1,5,5
453106,2016,1,5,5
453107,2016,1,5,NA
453108,2016,1,5,3
453109,2016,1,5,1
453110,2016,1,5,5
454002,2016,1,5,4.375
454003,2016,1,5,4
454004,2016,1,5,4.714285714
454005,2016,1,5,3.857142857
454006,2016,1,5,3.5
454007,2016,1,5,5
454008,2016,1,5,5
454009,2016,1,5,5
454010,2016,1,5,2.142857143
454011,2016,1,5,5
454012,2016,1,5,5
454013,2016,1,5,5
454015,2016,1,5,3.5
454017,2016,1,5,5
454018,2016,1,5,5
454019,2016,1,5,4.428571429
454021,2016,1,5,5
454022,2016,1,5,4.333333333
454023,2016,1,5,2.5
454024,2016,1,5,5
454025,2016,1,5,4.375
454026,2016,1,5,NA
454027,2016,1,5,4.25
454028,2016,1,5,4.5
454029,2016,1,5,2.571428571
454030,2016,1,5,3.25
454032,2016,1,5,5
454033,2016,1,5,NA
454034,2016,1,5,4.125
452001,2016,1,6,4
452002,2016,1,6,NA
452003,2016,1,6,5
452004,2016,1,6,NA
452005,2016,1,6,5
452006,2016,1,6,4.625
452007,2016,1,6,5
452008,2016,1,6,3.375
452009,2016,1,6,4.5
452010,2016,1,6,4.125
452012,2016,1,6,4.571428571
452013,2016,1,6,4.375
452014,2016,1,6,NA
452015,2016,1,6,5
452016,2016,1,6,5
452017,2016,1,6,NA
452018,2016,1,6,4
452019,2016,1,6,NA
452020,2016,1,6,NA
452021,2016,1,6,5
452022,2016,1,6,5
452023,2016,1,6,NA
452024,2016,1,6,NA
452027,2016,1,6,4
452028,2016,1,6,4.857142857
452029,2016,1,6,NA
452030,2016,1,6,5
452031,2016,1,6,5
452032,2016,1,6,4.875
452033,2016,1,6,5
452034,2016,1,6,4.625
452035,2016,1,6,5
452036,2016,1,6,4
452037,2016,1,6,4.571428571
452038,2016,1,6,2
452039,2016,1,6,NA
452040,2016,1,6,4
452042,2016,1,6,3.125
452043,2016,1,6,5
452044,2016,1,6,2.375
452045,2016,1,6,NA
452046,2016,1,6,4.5
452047,2016,1,6,5
452048,2016,1,6,3.857142857
452049,2016,1,6,NA
452050,2016,1,6,5
452051,2016,1,6,5
452058,2016,1,6,NA
452059,2016,1,6,4.625
452060,2016,1,6,NA
452061,2016,1,6,5
452062,2016,1,6,5
452063,2016,1,6,5
452065,2016,1,6,3.428571429
452067,2016,1,6,4.5
452068,2016,1,6,2.285714286
452069,2016,1,6,5
452070,2016,1,6,NA
452072,2016,1,6,NA
452073,2016,1,6,NA
452074,2016,1,6,NA
452075,2016,1,6,5
452076,2016,1,6,5
452077,2016,1,6,1.857142857
452079,2016,1,6,4
452080,2016,1,6,2.25
452081,2016,1,6,4.428571429
452082,2016,1,6,5
452083,2016,1,6,4.333333333
452084,2016,1,6,3.125
452085,2016,1,6,4.428571429
452087,2016,1,6,NA
452088,2016,1,6,NA
452089,2016,1,6,NA
452091,2016,1,6,5
452092,2016,1,6,1
452093,2016,1,6,NA
452094,2016,1,6,5
452095,2016,1,6,5
452096,2016,1,6,5
452097,2016,1,6,NA
452098,2016,1,6,3.625
452099,2016,1,6,5
452100,2016,1,6,3.857142857
452102,2016,1,6,5
452103,2016,1,6,3.714285714
452104,2016,1,6,4.857142857
452105,2016,1,6,3.625
452106,2016,1,6,4.5
452107,2016,1,6,NA
453001,2016,1,6,4
453002,2016,1,6,5
453003,2016,1,6,2
453004,2016,1,6,4.714285714
453005,2016,1,6,NA
453007,2016,1,6,4.428571429
453008,2016,1,6,NA
453009,2016,1,6,4.25
453010,2016,1,6,5
453011,2016,1,6,3.285714286
453012,2016,1,6,NA
453013,2016,1,6,5
453014,2016,1,6,4.5
453015,2016,1,6,NA
453016,2016,1,6,NA
453017,2016,1,6,2.666666667
453018,2016,1,6,5
453020,2016,1,6,NA
453022,2016,1,6,NA
453023,2016,1,6,4.428571429
453024,2016,1,6,4.5
453025,2016,1,6,NA
453026,2016,1,6,2.875
453027,2016,1,6,4
453028,2016,1,6,4.125
453029,2016,1,6,5
453030,2016,1,6,NA
453031,2016,1,6,3.666666667
453032,2016,1,6,NA
453033,2016,1,6,NA
453034,2016,1,6,NA
453035,2016,1,6,NA
453037,2016,1,6,NA
453038,2016,1,6,5
453039,2016,1,6,3.875
453040,2016,1,6,5
453042,2016,1,6,NA
453043,2016,1,6,NA
453044,2016,1,6,4.5
453045,2016,1,6,NA
453046,2016,1,6,1
453047,2016,1,6,4.285714286
453048,2016,1,6,4.75
453049,2016,1,6,5
453050,2016,1,6,4.375
453052,2016,1,6,5
453053,2016,1,6,NA
453054,2016,1,6,4.5
453056,2016,1,6,3.125
453057,2016,1,6,5
453058,2016,1,6,5
453059,2016,1,6,2.25
453060,2016,1,6,2.428571429
453061,2016,1,6,4.75
453062,2016,1,6,5
453063,2016,1,6,3.833333333
453064,2016,1,6,5
453065,2016,1,6,4.25
453067,2016,1,6,4.5
453068,2016,1,6,NA
453069,2016,1,6,4.571428571
453070,2016,1,6,NA
453071,2016,1,6,5
453072,2016,1,6,NA
453073,2016,1,6,5
453074,2016,1,6,NA
453075,2016,1,6,4.428571429
453076,2016,1,6,4
453077,2016,1,6,5
453078,2016,1,6,NA
453079,2016,1,6,5
453080,2016,1,6,4.5
453082,2016,1,6,NA
453083,2016,1,6,NA
453084,2016,1,6,4.333333333
453085,2016,1,6,NA
453086,2016,1,6,4.571428571
453087,2016,1,6,2
453088,2016,1,6,5
453089,2016,1,6,NA
453090,2016,1,6,5
453091,2016,1,6,NA
453092,2016,1,6,NA
453093,2016,1,6,3.5
453094,2016,1,6,5
453095,2016,1,6,NA
453097,2016,1,6,4.875
453098,2016,1,6,5
453099,2016,1,6,4.5
453100,2016,1,6,5
453106,2016,1,6,5
453107,2016,1,6,NA
453108,2016,1,6,3.125
453109,2016,1,6,1.125
453110,2016,1,6,5
454002,2016,1,6,4.875
454003,2016,1,6,4
454004,2016,1,6,5
454005,2016,1,6,4.142857143
454006,2016,1,6,3.5
454007,2016,1,6,5
454008,2016,1,6,5
454009,2016,1,6,5
454010,2016,1,6,2.142857143
454011,2016,1,6,5
454012,2016,1,6,5
454013,2016,1,6,5
454015,2016,1,6,3.625
454017,2016,1,6,5
454018,2016,1,6,5
454019,2016,1,6,4.428571429
454021,2016,1,6,5
454022,2016,1,6,4.5
454023,2016,1,6,2.5
454024,2016,1,6,5
454025,2016,1,6,4.875
454026,2016,1,6,NA
454027,2016,1,6,5
454028,2016,1,6,5
454029,2016,1,6,3.285714286
454030,2016,1,6,3.75
454032,2016,1,6,5
454033,2016,1,6,NA
454034,2016,1,6,4.5
452001,2016,2,3,1.5
452002,2016,2,3,NA
452003,2016,2,3,1
452004,2016,2,3,NA
452005,2016,2,3,2
452006,2016,2,3,1.571428571
452007,2016,2,3,1.285714286
452008,2016,2,3,1.428571429
452009,2016,2,3,1.375
452010,2016,2,3,1
452012,2016,2,3,1
452013,2016,2,3,1.285714286
452014,2016,2,3,NA
452015,2016,2,3,2.428571429
452016,2016,2,3,1.285714286
452017,2016,2,3,NA
452018,2016,2,3,1.5
452019,2016,2,3,NA
452020,2016,2,3,NA
452021,2016,2,3,1.571428571
452022,2016,2,3,1.5
452023,2016,2,3,NA
452024,2016,2,3,NA
452027,2016,2,3,1.571428571
452028,2016,2,3,1.428571429
452029,2016,2,3,NA
452030,2016,2,3,1
452031,2016,2,3,1.5
452032,2016,2,3,1.333333333
452033,2016,2,3,2.285714286
452034,2016,2,3,1.285714286
452035,2016,2,3,1.166666667
452036,2016,2,3,1.125
452037,2016,2,3,1
452038,2016,2,3,1
452039,2016,2,3,NA
452040,2016,2,3,2.428571429
452042,2016,2,3,1.25
452043,2016,2,3,1.375
452044,2016,2,3,1.375
452045,2016,2,3,NA
452046,2016,2,3,2
452047,2016,2,3,1.125
452048,2016,2,3,1.428571429
452049,2016,2,3,NA
452050,2016,2,3,1.285714286
452051,2016,2,3,2.875
452058,2016,2,3,NA
452059,2016,2,3,1
452060,2016,2,3,NA
452061,2016,2,3,1
452062,2016,2,3,1.625
452063,2016,2,3,1.4
452065,2016,2,3,1.285714286
452067,2016,2,3,1.285714286
452068,2016,2,3,1.142857143
452069,2016,2,3,1.375
452070,2016,2,3,NA
452072,2016,2,3,NA
452073,2016,2,3,NA
452074,2016,2,3,NA
452075,2016,2,3,1.142857143
452076,2016,2,3,1
452077,2016,2,3,1.142857143
452079,2016,2,3,1.625
452080,2016,2,3,1
452081,2016,2,3,1
452082,2016,2,3,1
452083,2016,2,3,1
452084,2016,2,3,1.166666667
452085,2016,2,3,2
452087,2016,2,3,NA
452088,2016,2,3,NA
452089,2016,2,3,NA
452091,2016,2,3,1
452092,2016,2,3,NA
452093,2016,2,3,NA
452094,2016,2,3,1.5
452095,2016,2,3,1
452096,2016,2,3,1.857142857
452097,2016,2,3,NA
452098,2016,2,3,2
452099,2016,2,3,1
452100,2016,2,3,1.25
452102,2016,2,3,1
452103,2016,2,3,2.285714286
452104,2016,2,3,1
452105,2016,2,3,1
452106,2016,2,3,1.142857143
452107,2016,2,3,NA
453001,2016,2,3,2.625
453002,2016,2,3,1.375
453003,2016,2,3,1.571428571
453004,2016,2,3,1
453005,2016,2,3,NA
453007,2016,2,3,1.166666667
453008,2016,2,3,NA
453009,2016,2,3,1
453010,2016,2,3,1.166666667
453011,2016,2,3,2
453012,2016,2,3,NA
453013,2016,2,3,1.285714286
453014,2016,2,3,1.125
453015,2016,2,3,NA
453016,2016,2,3,NA
453017,2016,2,3,2.5
453018,2016,2,3,3.571428571
453020,2016,2,3,NA
453022,2016,2,3,NA
453023,2016,2,3,1.5
453024,2016,2,3,1.25
453025,2016,2,3,NA
453026,2016,2,3,1.25
453027,2016,2,3,1.125
453028,2016,2,3,1.285714286
453029,2016,2,3,1.285714286
453030,2016,2,3,NA
453031,2016,2,3,1.142857143
453032,2016,2,3,NA
453033,2016,2,3,NA
453034,2016,2,3,NA
453035,2016,2,3,NA
453037,2016,2,3,NA
453038,2016,2,3,1
453039,2016,2,3,1
453040,2016,2,3,2.25
453042,2016,2,3,NA
453043,2016,2,3,NA
453044,2016,2,3,1.166666667
453045,2016,2,3,NA
453046,2016,2,3,1
453047,2016,2,3,1.25
453048,2016,2,3,1.375
453049,2016,2,3,1.375
453050,2016,2,3,1
453052,2016,2,3,2.125
453053,2016,2,3,NA
453054,2016,2,3,2.75
453056,2016,2,3,1.571428571
453057,2016,2,3,1.5
453058,2016,2,3,2.142857143
453059,2016,2,3,1
453060,2016,2,3,1
453061,2016,2,3,1.125
453062,2016,2,3,1.142857143
453063,2016,2,3,1
453064,2016,2,3,1.125
453065,2016,2,3,1
453067,2016,2,3,1
453068,2016,2,3,NA
453069,2016,2,3,1
453070,2016,2,3,NA
453071,2016,2,3,2
453072,2016,2,3,NA
453073,2016,2,3,1
453074,2016,2,3,NA
453075,2016,2,3,1
453076,2016,2,3,1.666666667
453077,2016,2,3,1.333333333
453078,2016,2,3,NA
453079,2016,2,3,1.285714286
453080,2016,2,3,1
453082,2016,2,3,NA
453083,2016,2,3,NA
453084,2016,2,3,1.166666667
453085,2016,2,3,NA
453086,2016,2,3,1.125
453087,2016,2,3,1
453088,2016,2,3,1
453089,2016,2,3,NA
453090,2016,2,3,1.333333333
453091,2016,2,3,NA
453092,2016,2,3,NA
453093,2016,2,3,1
453094,2016,2,3,1
453095,2016,2,3,NA
453097,2016,2,3,1.125
453098,2016,2,3,1.714285714
453099,2016,2,3,1
453100,2016,2,3,1.857142857
453106,2016,2,3,1.125
453107,2016,2,3,NA
453108,2016,2,3,1.625
453109,2016,2,3,1.25
453110,2016,2,3,1.5
454002,2016,2,3,1
454003,2016,2,3,2.571428571
454004,2016,2,3,1.375
454005,2016,2,3,1
454006,2016,2,3,1.571428571
454007,2016,2,3,1.125
454008,2016,2,3,1.125
454009,2016,2,3,3.125
454010,2016,2,3,3
454011,2016,2,3,2.125
454012,2016,2,3,2
454013,2016,2,3,1
454015,2016,2,3,1.125
454017,2016,2,3,2.5
454018,2016,2,3,3.857142857
454019,2016,2,3,1.125
454021,2016,2,3,1.142857143
454022,2016,2,3,1.625
454023,2016,2,3,1.125
454024,2016,2,3,1.142857143
454025,2016,2,3,1
454026,2016,2,3,NA
454027,2016,2,3,1
454028,2016,2,3,1.375
454029,2016,2,3,1.125
454030,2016,2,3,1.571428571
454032,2016,2,3,1
454033,2016,2,3,NA
454034,2016,2,3,1.25
452001,2016,2,4,2
452002,2016,2,4,NA
452003,2016,2,4,2.285714286
452004,2016,2,4,NA
452005,2016,2,4,4.125
452006,2016,2,4,3.428571429
452007,2016,2,4,1.857142857
452008,2016,2,4,2.428571429
452009,2016,2,4,2.75
452010,2016,2,4,2
452012,2016,2,4,1.571428571
452013,2016,2,4,2.285714286
452014,2016,2,4,NA
452015,2016,2,4,4.142857143
452016,2016,2,4,2.428571429
452017,2016,2,4,NA
452018,2016,2,4,2.375
452019,2016,2,4,NA
452020,2016,2,4,NA
452021,2016,2,4,2.714285714
452022,2016,2,4,2.833333333
452023,2016,2,4,NA
452024,2016,2,4,NA
452027,2016,2,4,4
452028,2016,2,4,2.571428571
452029,2016,2,4,NA
452030,2016,2,4,1.714285714
452031,2016,2,4,2.166666667
452032,2016,2,4,2.5
452033,2016,2,4,4.142857143
452034,2016,2,4,4
452035,2016,2,4,3
452036,2016,2,4,1.625
452037,2016,2,4,1.75
452038,2016,2,4,1.571428571
452039,2016,2,4,NA
452040,2016,2,4,3.857142857
452042,2016,2,4,2.25
452043,2016,2,4,2.375
452044,2016,2,4,1.875
452045,2016,2,4,NA
452046,2016,2,4,4.5
452047,2016,2,4,2.625
452048,2016,2,4,3.428571429
452049,2016,2,4,NA
452050,2016,2,4,3.428571429
452051,2016,2,4,4.857142857
452058,2016,2,4,NA
452059,2016,2,4,1.142857143
452060,2016,2,4,NA
452061,2016,2,4,1.5
452062,2016,2,4,3.25
452063,2016,2,4,3.4
452065,2016,2,4,2.571428571
452067,2016,2,4,2.428571429
452068,2016,2,4,1.714285714
452069,2016,2,4,3.5
452070,2016,2,4,NA
452072,2016,2,4,NA
452073,2016,2,4,NA
452074,2016,2,4,NA
452075,2016,2,4,2.714285714
452076,2016,2,4,1.375
452077,2016,2,4,2.285714286
452079,2016,2,4,3.25
452080,2016,2,4,1.833333333
452081,2016,2,4,1.625
452082,2016,2,4,1.714285714
452083,2016,2,4,2.428571429
452084,2016,2,4,2.833333333
452085,2016,2,4,4.285714286
452087,2016,2,4,NA
452088,2016,2,4,NA
452089,2016,2,4,NA
452091,2016,2,4,2.5
452092,2016,2,4,NA
452093,2016,2,4,NA
452094,2016,2,4,3.625
452095,2016,2,4,2.142857143
452096,2016,2,4,4
452097,2016,2,4,NA
452098,2016,2,4,3.375
452099,2016,2,4,1.428571429
452100,2016,2,4,3.25
452102,2016,2,4,1.2
452103,2016,2,4,5
452104,2016,2,4,1.875
452105,2016,2,4,1.875
452106,2016,2,4,2.285714286
452107,2016,2,4,NA
453001,2016,2,4,4.625
453002,2016,2,4,2.5
453003,2016,2,4,2.428571429
453004,2016,2,4,1.142857143
453005,2016,2,4,NA
453007,2016,2,4,1.666666667
453008,2016,2,4,NA
453009,2016,2,4,2.166666667
453010,2016,2,4,2.5
453011,2016,2,4,4.142857143
453012,2016,2,4,NA
453013,2016,2,4,3.142857143
453014,2016,2,4,1
453015,2016,2,4,NA
453016,2016,2,4,NA
453017,2016,2,4,4.25
453018,2016,2,4,3.857142857
453020,2016,2,4,NA
453022,2016,2,4,NA
453023,2016,2,4,3.125
453024,2016,2,4,2.375
453025,2016,2,4,NA
453026,2016,2,4,2
453027,2016,2,4,2
453028,2016,2,4,2.142857143
453029,2016,2,4,2
453030,2016,2,4,NA
453031,2016,2,4,2
453032,2016,2,4,NA
453033,2016,2,4,NA
453034,2016,2,4,NA
453035,2016,2,4,NA
453037,2016,2,4,NA
453038,2016,2,4,1.875
453039,2016,2,4,1.142857143
453040,2016,2,4,4
453042,2016,2,4,NA
453043,2016,2,4,NA
453044,2016,2,4,2
453045,2016,2,4,NA
453046,2016,2,4,1
453047,2016,2,4,2.75
453048,2016,2,4,3
453049,2016,2,4,2.375
453050,2016,2,4,1.285714286
453052,2016,2,4,4
453053,2016,2,4,NA
453054,2016,2,4,4
453056,2016,2,4,3.285714286
453057,2016,2,4,3
453058,2016,2,4,3.428571429
453059,2016,2,4,2
453060,2016,2,4,1.375
453061,2016,2,4,2.5
453062,2016,2,4,3.285714286
453063,2016,2,4,1.625
453064,2016,2,4,1.75
453065,2016,2,4,1.857142857
453067,2016,2,4,2.625
453068,2016,2,4,NA
453069,2016,2,4,2.25
453070,2016,2,4,NA
453071,2016,2,4,3.125
453072,2016,2,4,NA
453073,2016,2,4,1.125
453074,2016,2,4,NA
453075,2016,2,4,1.857142857
453076,2016,2,4,3.833333333
453077,2016,2,4,3.5
453078,2016,2,4,NA
453079,2016,2,4,3.714285714
453080,2016,2,4,1.142857143
453082,2016,2,4,NA
453083,2016,2,4,NA
453084,2016,2,4,3
453085,2016,2,4,NA
453086,2016,2,4,2.5
453087,2016,2,4,1.142857143
453088,2016,2,4,1.875
453089,2016,2,4,NA
453090,2016,2,4,2.833333333
453091,2016,2,4,NA
453092,2016,2,4,NA
453093,2016,2,4,1
453094,2016,2,4,1.666666667
453095,2016,2,4,NA
453097,2016,2,4,1.625
453098,2016,2,4,2.714285714
453099,2016,2,4,1.625
453100,2016,2,4,3.714285714
453106,2016,2,4,2.125
453107,2016,2,4,NA
453108,2016,2,4,3.625
453109,2016,2,4,3
453110,2016,2,4,3
454002,2016,2,4,1.428571429
454003,2016,2,4,5
454004,2016,2,4,2.625
454005,2016,2,4,1
454006,2016,2,4,3.857142857
454007,2016,2,4,1.5
454008,2016,2,4,2.25
454009,2016,2,4,4.75
454010,2016,2,4,3.625
454011,2016,2,4,3.375
454012,2016,2,4,5
454013,2016,2,4,1.571428571
454015,2016,2,4,3
454017,2016,2,4,4.625
454018,2016,2,4,4.142857143
454019,2016,2,4,1.625
454021,2016,2,4,2.714285714
454022,2016,2,4,3.5
454023,2016,2,4,2.125
454024,2016,2,4,2.142857143
454025,2016,2,4,1.428571429
454026,2016,2,4,NA
454027,2016,2,4,1.625
454028,2016,2,4,3.375
454029,2016,2,4,3.375
454030,2016,2,4,3.571428571
454032,2016,2,4,3.2
454033,2016,2,4,NA
454034,2016,2,4,2.875
452001,2016,2,5,3.333333333
452002,2016,2,5,NA
452003,2016,2,5,3.714285714
452004,2016,2,5,NA
452005,2016,2,5,4.25
452006,2016,2,5,4.428571429
452007,2016,2,5,2.857142857
452008,2016,2,5,3
452009,2016,2,5,4.125
452010,2016,2,5,2.833333333
452012,2016,2,5,2.857142857
452013,2016,2,5,3.571428571
452014,2016,2,5,NA
452015,2016,2,5,4.714285714
452016,2016,2,5,4.142857143
452017,2016,2,5,NA
452018,2016,2,5,3.375
452019,2016,2,5,NA
452020,2016,2,5,NA
452021,2016,2,5,4.428571429
452022,2016,2,5,3.5
452023,2016,2,5,NA
452024,2016,2,5,NA
452027,2016,2,5,5
452028,2016,2,5,3.714285714
452029,2016,2,5,NA
452030,2016,2,5,3.285714286
452031,2016,2,5,3.333333333
452032,2016,2,5,3.833333333
452033,2016,2,5,4.285714286
452034,2016,2,5,4.142857143
452035,2016,2,5,5
452036,2016,2,5,3
452037,2016,2,5,2.375
452038,2016,2,5,1.857142857
452039,2016,2,5,NA
452040,2016,2,5,4.857142857
452042,2016,2,5,3.625
452043,2016,2,5,3.625
452044,2016,2,5,2.25
452045,2016,2,5,NA
452046,2016,2,5,5
452047,2016,2,5,4.25
452048,2016,2,5,4
452049,2016,2,5,NA
452050,2016,2,5,3.857142857
452051,2016,2,5,5
452058,2016,2,5,NA
452059,2016,2,5,1.714285714
452060,2016,2,5,NA
452061,2016,2,5,3
452062,2016,2,5,4
452063,2016,2,5,4
452065,2016,2,5,4.428571429
452067,2016,2,5,3
452068,2016,2,5,2.428571429
452069,2016,2,5,4.5
452070,2016,2,5,NA
452072,2016,2,5,NA
452073,2016,2,5,NA
452074,2016,2,5,NA
452075,2016,2,5,3.428571429
452076,2016,2,5,3
452077,2016,2,5,2.714285714
452079,2016,2,5,4.125
452080,2016,2,5,2.333333333
452081,2016,2,5,2.5
452082,2016,2,5,3
452083,2016,2,5,3.714285714
452084,2016,2,5,3.666666667
452085,2016,2,5,4.428571429
452087,2016,2,5,NA
452088,2016,2,5,NA
452089,2016,2,5,NA
452091,2016,2,5,3.166666667
452092,2016,2,5,NA
452093,2016,2,5,NA
452094,2016,2,5,4.375
452095,2016,2,5,2.428571429
452096,2016,2,5,4.428571429
452097,2016,2,5,NA
452098,2016,2,5,4.125
452099,2016,2,5,3.142857143
452100,2016,2,5,4.125
452102,2016,2,5,2
452103,2016,2,5,5
452104,2016,2,5,2.375
452105,2016,2,5,2.5
452106,2016,2,5,2.428571429
452107,2016,2,5,NA
453001,2016,2,5,4.625
453002,2016,2,5,3.875
453003,2016,2,5,2.714285714
453004,2016,2,5,2.428571429
453005,2016,2,5,NA
453007,2016,2,5,2.333333333
453008,2016,2,5,NA
453009,2016,2,5,3.5
453010,2016,2,5,3.333333333
453011,2016,2,5,4.142857143
453012,2016,2,5,NA
453013,2016,2,5,4.285714286
453014,2016,2,5,1.75
453015,2016,2,5,NA
453016,2016,2,5,NA
453017,2016,2,5,4.625
453018,2016,2,5,4.142857143
453020,2016,2,5,NA
453022,2016,2,5,NA
453023,2016,2,5,3.375
453024,2016,2,5,3.125
453025,2016,2,5,NA
453026,2016,2,5,3.125
453027,2016,2,5,3.5
453028,2016,2,5,3.428571429
453029,2016,2,5,3.285714286
453030,2016,2,5,NA
453031,2016,2,5,3
453032,2016,2,5,NA
453033,2016,2,5,NA
453034,2016,2,5,NA
453035,2016,2,5,NA
453037,2016,2,5,NA
453038,2016,2,5,4.125
453039,2016,2,5,1.857142857
453040,2016,2,5,4
453042,2016,2,5,NA
453043,2016,2,5,NA
453044,2016,2,5,2.166666667
453045,2016,2,5,NA
453046,2016,2,5,1
453047,2016,2,5,3.625
453048,2016,2,5,3.875
453049,2016,2,5,3.875
453050,2016,2,5,2.285714286
453052,2016,2,5,4
453053,2016,2,5,NA
453054,2016,2,5,4.625
453056,2016,2,5,3.285714286
453057,2016,2,5,3.375
453058,2016,2,5,4.857142857
453059,2016,2,5,3.714285714
453060,2016,2,5,2.625
453061,2016,2,5,4.125
453062,2016,2,5,3.571428571
453063,2016,2,5,2.375
453064,2016,2,5,2.875
453065,2016,2,5,2.142857143
453067,2016,2,5,3.375
453068,2016,2,5,NA
453069,2016,2,5,3
453070,2016,2,5,NA
453071,2016,2,5,3.25
453072,2016,2,5,NA
453073,2016,2,5,1.875
453074,2016,2,5,NA
453075,2016,2,5,3
453076,2016,2,5,3.714285714
453077,2016,2,5,5
453078,2016,2,5,NA
453079,2016,2,5,4.714285714
453080,2016,2,5,2.142857143
453082,2016,2,5,NA
453083,2016,2,5,NA
453084,2016,2,5,4.166666667
453085,2016,2,5,NA
453086,2016,2,5,3.625
453087,2016,2,5,1.428571429
453088,2016,2,5,2.75
453089,2016,2,5,NA
453090,2016,2,5,3.666666667
453091,2016,2,5,NA
453092,2016,2,5,NA
453093,2016,2,5,1
453094,2016,2,5,2.166666667
453095,2016,2,5,NA
453097,2016,2,5,3
453098,2016,2,5,3
453099,2016,2,5,2.25
453100,2016,2,5,4
453106,2016,2,5,3.25
453107,2016,2,5,NA
453108,2016,2,5,4.25
453109,2016,2,5,4
453110,2016,2,5,4
454002,2016,2,5,1.857142857
454003,2016,2,5,5
454004,2016,2,5,3.75
454005,2016,2,5,1.714285714
454006,2016,2,5,5
454007,2016,2,5,2.875
454008,2016,2,5,3.75
454009,2016,2,5,5
454010,2016,2,5,3.625
454011,2016,2,5,4.125
454012,2016,2,5,5
454013,2016,2,5,2.714285714
454015,2016,2,5,4.625
454017,2016,2,5,5
454018,2016,2,5,4.857142857
454019,2016,2,5,2.75
454021,2016,2,5,4.857142857
454022,2016,2,5,4.5
454023,2016,2,5,3.25
454024,2016,2,5,3
454025,2016,2,5,2.571428571
454026,2016,2,5,NA
454027,2016,2,5,1.875
454028,2016,2,5,4.375
454029,2016,2,5,4.375
454030,2016,2,5,4.428571429
454032,2016,2,5,4.6
454033,2016,2,5,NA
454034,2016,2,5,4
452001,2016,2,6,3.5
452002,2016,2,6,NA
452003,2016,2,6,4.428571429
452004,2016,2,6,NA
452005,2016,2,6,4.375
452006,2016,2,6,4.428571429
452007,2016,2,6,3
452008,2016,2,6,3
452009,2016,2,6,4.5
452010,2016,2,6,3.166666667
452012,2016,2,6,2.857142857
452013,2016,2,6,3.571428571
452014,2016,2,6,NA
452015,2016,2,6,5
452016,2016,2,6,4.571428571
452017,2016,2,6,NA
452018,2016,2,6,3.875
452019,2016,2,6,NA
452020,2016,2,6,NA
452021,2016,2,6,4.571428571
452022,2016,2,6,3.666666667
452023,2016,2,6,NA
452024,2016,2,6,NA
452027,2016,2,6,5
452028,2016,2,6,4.428571429
452029,2016,2,6,NA
452030,2016,2,6,3.857142857
452031,2016,2,6,3.333333333
452032,2016,2,6,4.333333333
452033,2016,2,6,4.285714286
452034,2016,2,6,4.285714286
452035,2016,2,6,5
452036,2016,2,6,3.5
452037,2016,2,6,3.375
452038,2016,2,6,2.571428571
452039,2016,2,6,NA
452040,2016,2,6,5
452042,2016,2,6,4.125
452043,2016,2,6,3.625
452044,2016,2,6,2.875
452045,2016,2,6,NA
452046,2016,2,6,5
452047,2016,2,6,4.625
452048,2016,2,6,4.142857143
452049,2016,2,6,NA
452050,2016,2,6,4
452051,2016,2,6,5
452058,2016,2,6,NA
452059,2016,2,6,2.285714286
452060,2016,2,6,NA
452061,2016,2,6,3.375
452062,2016,2,6,4.25
452063,2016,2,6,4.2
452065,2016,2,6,4.428571429
452067,2016,2,6,3.285714286
452068,2016,2,6,2.857142857
452069,2016,2,6,4.75
452070,2016,2,6,NA
452072,2016,2,6,NA
452073,2016,2,6,NA
452074,2016,2,6,NA
452075,2016,2,6,3.857142857
452076,2016,2,6,3.375
452077,2016,2,6,3.285714286
452079,2016,2,6,4.125
452080,2016,2,6,2.833333333
452081,2016,2,6,3
452082,2016,2,6,3.285714286
452083,2016,2,6,4.142857143
452084,2016,2,6,3.833333333
452085,2016,2,6,4.571428571
452087,2016,2,6,NA
452088,2016,2,6,NA
452089,2016,2,6,NA
452091,2016,2,6,3.666666667
452092,2016,2,6,NA
452093,2016,2,6,NA
452094,2016,2,6,4.625
452095,2016,2,6,2.571428571
452096,2016,2,6,4.571428571
452097,2016,2,6,NA
452098,2016,2,6,4.625
452099,2016,2,6,3.857142857
452100,2016,2,6,4.5
452102,2016,2,6,2.4
452103,2016,2,6,5
452104,2016,2,6,2.75
452105,2016,2,6,2.875
452106,2016,2,6,3
452107,2016,2,6,NA
453001,2016,2,6,4.625
453002,2016,2,6,4.125
453003,2016,2,6,2.714285714
453004,2016,2,6,3
453005,2016,2,6,NA
453007,2016,2,6,2.333333333
453008,2016,2,6,NA
453009,2016,2,6,4.166666667
453010,2016,2,6,3.833333333
453011,2016,2,6,4.428571429
453012,2016,2,6,NA
453013,2016,2,6,4.285714286
453014,2016,2,6,2
453015,2016,2,6,NA
453016,2016,2,6,NA
453017,2016,2,6,4.625
453018,2016,2,6,4.142857143
453020,2016,2,6,NA
453022,2016,2,6,NA
453023,2016,2,6,3.5
453024,2016,2,6,3.5
453025,2016,2,6,NA
453026,2016,2,6,3.375
453027,2016,2,6,3.625
453028,2016,2,6,3.714285714
453029,2016,2,6,3.285714286
453030,2016,2,6,NA
453031,2016,2,6,3.285714286
453032,2016,2,6,NA
453033,2016,2,6,NA
453034,2016,2,6,NA
453035,2016,2,6,NA
453037,2016,2,6,NA
453038,2016,2,6,4.25
453039,2016,2,6,2.285714286
453040,2016,2,6,4.25
453042,2016,2,6,NA
453043,2016,2,6,NA
453044,2016,2,6,2.5
453045,2016,2,6,NA
453046,2016,2,6,1
453047,2016,2,6,4
453048,2016,2,6,4
453049,2016,2,6,4.625
453050,2016,2,6,2.5
453052,2016,2,6,4
453053,2016,2,6,NA
453054,2016,2,6,4.75
453056,2016,2,6,3.285714286
453057,2016,2,6,3.625
453058,2016,2,6,5
453059,2016,2,6,4
453060,2016,2,6,3.375
453061,2016,2,6,4.375
453062,2016,2,6,3.857142857
453063,2016,2,6,2.75
453064,2016,2,6,3.25
453065,2016,2,6,2.714285714
453067,2016,2,6,4.125
453068,2016,2,6,NA
453069,2016,2,6,3.875
453070,2016,2,6,NA
453071,2016,2,6,3.5
453072,2016,2,6,NA
453073,2016,2,6,2.375
453074,2016,2,6,NA
453075,2016,2,6,3.142857143
453076,2016,2,6,4.333333333
453077,2016,2,6,5
453078,2016,2,6,NA
453079,2016,2,6,4.714285714
453080,2016,2,6,2.428571429
453082,2016,2,6,NA
453083,2016,2,6,NA
453084,2016,2,6,4.5
453085,2016,2,6,NA
453086,2016,2,6,4.25
453087,2016,2,6,1.428571429
453088,2016,2,6,3.625
453089,2016,2,6,NA
453090,2016,2,6,4.166666667
453091,2016,2,6,NA
453092,2016,2,6,NA
453093,2016,2,6,1
453094,2016,2,6,2.666666667
453095,2016,2,6,NA
453097,2016,2,6,3.5
453098,2016,2,6,3.142857143
453099,2016,2,6,3.125
453100,2016,2,6,4.285714286
453106,2016,2,6,3.625
453107,2016,2,6,NA
453108,2016,2,6,4.375
453109,2016,2,6,4.25
453110,2016,2,6,4.125
454002,2016,2,6,2.285714286
454003,2016,2,6,5
454004,2016,2,6,4
454005,2016,2,6,1.857142857
454006,2016,2,6,5
454007,2016,2,6,3.375
454008,2016,2,6,4.25
454009,2016,2,6,5
454010,2016,2,6,3.625
454011,2016,2,6,4.375
454012,2016,2,6,5
454013,2016,2,6,3.142857143
454015,2016,2,6,4.875
454017,2016,2,6,5
454018,2016,2,6,4.857142857
454019,2016,2,6,3.5
454021,2016,2,6,5
454022,2016,2,6,5
454023,2016,2,6,3.75
454024,2016,2,6,4.142857143
454025,2016,2,6,3.571428571
454026,2016,2,6,NA
454027,2016,2,6,2.375
454028,2016,2,6,4.5
454029,2016,2,6,4.625
454030,2016,2,6,4.428571429
454032,2016,2,6,5
454033,2016,2,6,NA
454034,2016,2,6,4
